10, 0, 90, 44.9527, 
10, 0.025, 90, 44.9255, 
10, 0.05, 90, 44.8775, 
10, 0.075, 90, 44.7394, 
10, 0.1, 90, 44.5447, 
10, 0.125, 90, 44.2917, 
10, 0.15, 90, 43.9781, 
10, 0.175, 90, 43.6014, 
10, 0.2, 90, 43.1582, 
10, 0.225, 90, 42.6433, 
10, 0.25, 90, 42.0523, 
10, 0.275, 90, 41.3803, 
10, 0.3, 90, 40.6036, 
10, 0.325, 90, 39.7205, 
10, 0.35, 90, 38.7146, 
10, 0.375, 90, 37.5618, 
10, 0.4, 90, 36.2319, 
10, 0.425, 90, 34.6767, 
10, 0.45, 90, 32.822, 
10, 0.475, 90, 30.5395, 
10, 0.5, 90, 27.347, 
10, 0.525, 90, 22.9521, 
10, 0.55, 90, 14.6249, 
10, 0.575, 90, 8.37376, 
10, 0.6, 90, 19.9258, 
10, 0.625, 90, 24.3187, 
10, 0.65, 90, 26.9123, 
10, 0.675, 90, 28.6399, 
10, 0.7, 90, 29.8491, 
10, 0.725, 90, 30.8155, 
10, 0.75, 90, 31.3574, 
10, 0.775, 90, 31.6858, 
10, 0.8, 90, 31.8244, 
10, 0.825, 90, 31.7812, 
10, 0.85, 90, 31.5843, 
10, 0.875, 90, 31.226, 
10, 0.9, 90, 30.7018, 
10, 0.925, 90, 29.9849, 
10, 0.95, 90, 29.0822, 
10, 0.975, 90, 27.7979, 
10, 1, 90, 26.2874, 
10, 1.025, 90, 24.3802, 
10, 1.05, 90, 21.8454, 
10, 1.075, 90, 18.1586, 
10, 1.1, 90, 11.8138, 
10, 1.125, 90, -14.3534, 
10, 1.15, 90, 12.2916, 
10, 1.175, 90, 17.8147, 
10, 1.2, 90, 21.4432, 
10, 1.225, 90, 23.3913, 
10, 1.25, 90, 24.7861, 
10, 1.275, 90, 25.7986, 
10, 1.3, 90, 26.499, 
10, 1.325, 90, 26.9839, 
10, 1.35, 90, 27.2679, 
10, 1.375, 90, 27.3342, 
10, 1.4, 90, 27.2617, 
10, 1.425, 90, 27.0309, 
10, 1.45, 90, 26.5273, 
10, 1.475, 90, 25.8828, 
10, 1.5, 90, 25.0249, 
10, 1.525, 90, 23.8295, 
10, 1.55, 90, 22.3859, 
10, 1.575, 90, 20.5014, 
10, 1.6, 90, 17.7748, 
10, 1.625, 90, 13.9279, 
10, 1.65, 90, 6.78034, 
10, 1.675, 90, 3.00648, 
10, 1.7, 90, 12.1983, 
10, 1.725, 90, 16.3996, 
10, 1.75, 90, 19.1141, 
10, 1.775, 90, 20.929, 
10, 1.8, 90, 22.2545, 
10, 1.825, 90, 23.2396, 
10, 1.85, 90, 23.9307, 
10, 1.875, 90, 24.4001, 
10, 1.9, 90, 24.8215, 
10, 1.925, 90, 24.8646, 
10, 1.95, 90, 24.7373, 
10, 1.975, 90, 24.3627, 
10, 2, 90, 23.8659, 
10, 2.025, 90, 23.1691, 
10, 2.05, 90, 22.0941, 
10, 2.075, 90, 20.8493, 
10, 2.1, 90, 19.2281, 
10, 2.125, 90, 16.7378, 
10, 2.15, 90, 12.9056, 
10, 2.175, 90, 7.82425, 
10, 2.2, 90, 4.92477, 
10, 2.225, 90, 10.5335, 
10, 2.25, 90, 14.5668, 
10, 2.275, 90, 17.5845, 
10, 2.3, 90, 19.4543, 
10, 2.325, 90, 20.8501, 
10, 2.35, 90, 22.0592, 
10, 2.375, 90, 23.1512, 
10, 2.4, 90, 23.642, 
10, 2.425, 90, 24.0316, 
10, 2.45, 90, 24.1506, 
10, 2.475, 90, 24.1105, 
10, 2.5, 90, 23.9442, 
10, 2.525, 90, 23.5615, 
10, 2.55, 90, 23.0045, 
10, 2.575, 90, 22.2419, 
10, 2.6, 90, 21.2543, 
10, 2.625, 90, 19.9369, 
10, 2.65, 90, 18.3441, 
10, 2.675, 90, 16.5568, 
10, 2.7, 90, 14.8245, 
10, 2.725, 90, 14.3414, 
10, 2.75, 90, 15.0856, 
10, 2.775, 90, 16.6779, 
10, 2.8, 90, 18.8386, 
10, 2.825, 90, 20.2846, 
10, 2.85, 90, 21.9605, 
10, 2.875, 90, 23.1654, 
10, 2.9, 90, 23.8662, 
10, 2.925, 90, 24.3986, 
10, 2.95, 90, 24.9984, 
10, 2.975, 90, 25.2185, 
10, 3, 90, 25.3043, 
10, 3.025, 90, 25.4532, 
10, 3.05, 90, 25.2729, 
10, 3.075, 90, 24.9659, 
10, 3.1, 90, 24.7659, 
10, 3.125, 90, 24.1826, 
10, 3.15, 90, 23.4842, 
10, 3.175, 90, 22.9305, 
10, 3.2, 90, 22.1128, 
10, 3.225, 90, 21.3351, 
10, 3.25, 90, 21.115, 
10, 3.275, 90, 20.8696, 
10, 3.3, 90, 21.0076, 
10, 3.325, 90, 21.9147, 
10, 3.35, 90, 22.9736, 
10, 3.375, 90, 23.7079, 
10, 3.4, 90, 24.7396, 
10, 3.425, 90, 25.3592, 
10, 3.45, 90, 25.8914, 
10, 3.475, 90, 26.5907, 
10, 3.5, 90, 26.9139, 
10, 3.525, 90, 27.1379, 
10, 3.55, 90, 27.5044, 
10, 3.575, 90, 27.6449, 
10, 3.6, 90, 27.5526, 
10, 3.625, 90, 27.6075, 
10, 3.65, 90, 27.3451, 
10, 3.675, 90, 27.006, 
10, 3.7, 90, 26.8615, 
10, 3.725, 90, 26.4212, 
10, 3.75, 90, 25.961, 
10, 3.775, 90, 25.8223, 
10, 3.8, 90, 25.4596, 
10, 3.825, 90, 25.3163, 
10, 3.85, 90, 25.5933, 
10, 3.875, 90, 25.7083, 
10, 3.9, 90, 25.962, 
10, 3.925, 90, 26.5991, 
10, 3.95, 90, 26.9936, 
10, 3.975, 90, 27.4033, 
10, 4, 90, 28.0339, 
10, 4.025, 90, 28.3808, 
10, 4.05, 90, 28.6765, 
10, 4.075, 90, 29.2866, 
10, 4.1, 90, 29.4298, 
10, 4.125, 90, 29.5052, 
10, 4.15, 90, 29.7099, 
10, 4.175, 90, 29.652, 
10, 4.2, 90, 29.5306, 
10, 4.225, 90, 29.552, 
10, 4.25, 90, 29.3253, 
10, 4.275, 90, 29.0575, 
10, 4.3, 90, 28.975, 
10, 4.325, 90, 28.6825, 
10, 4.35, 90, 28.4112, 
10, 4.375, 90, 28.4065, 
10, 4.4, 90, 28.2559, 
10, 4.425, 90, 28.1927, 
10, 4.45, 90, 28.4264, 
10, 4.475, 90, 28.5417, 
10, 4.5, 90, 28.7295, 
10, 4.525, 90, 29.1382, 
10, 4.55, 90, 29.3984, 
10, 4.575, 90, 29.8615, 
10, 4.6, 90, 30.2452, 
10, 4.625, 90, 30.4553, 
10, 4.65, 90, 30.6256, 
10, 4.675, 90, 30.8756, 
10, 4.7, 90, 30.9503, 
10, 4.725, 90, 30.9734, 
10, 4.75, 90, 31.065, 
10, 4.775, 90, 30.9891, 
10, 4.8, 90, 30.867, 
10, 4.825, 90, 30.8367, 
10, 4.85, 90, 30.6328, 
10, 4.875, 90, 30.5234, 
10, 4.9, 90, 30.2975, 
10, 4.925, 90, 30.082, 
10, 4.95, 90, 29.9996, 
10, 4.975, 90, 29.855, 
10, 5, 90, 29.7674, 
10, 5.025, 90, 29.8328, 
10, 5.05, 90, 29.8734, 
10, 5.075, 90, 30.1304, 
10, 5.1, 90, 30.3588, 
10, 5.125, 90, 30.5462, 
10, 5.15, 90, 30.7442, 
10, 5.175, 90, 30.9853, 
10, 5.2, 90, 31.1608, 
10, 5.225, 90, 31.3095, 
10, 5.25, 90, 31.4629, 
10, 5.275, 90, 31.5396, 
10, 5.3, 90, 31.5746, 
10, 5.325, 90, 31.6668, 
10, 5.35, 90, 31.5988, 
10, 5.375, 90, 31.4919, 
10, 5.4, 90, 31.3775, 
10, 5.425, 90, 31.2087, 
10, 5.45, 90, 31.0209, 
10, 5.475, 90, 30.8445, 
10, 5.5, 90, 30.6518, 
10, 5.525, 90, 30.4769, 
10, 5.55, 90, 30.3458, 
10, 5.575, 90, 30.3129, 
10, 5.6, 90, 30.2918, 
10, 5.625, 90, 30.3305, 
10, 5.65, 90, 30.4143, 
10, 5.675, 90, 30.5394, 
10, 5.7, 90, 30.694, 
10, 5.725, 90, 30.8618, 
10, 5.75, 90, 31.031, 
10, 5.775, 90, 31.191, 
10, 5.8, 90, 31.3296, 
10, 5.825, 90, 31.5691, 
10, 5.85, 90, 31.6311, 
10, 5.875, 90, 31.6528, 
10, 5.9, 90, 31.6357, 
10, 5.925, 90, 31.5856, 
10, 5.95, 90, 31.4949, 
10, 5.975, 90, 31.3727, 
10, 6, 90, 31.2341, 
10, 6.025, 90, 31.0689, 
10, 6.05, 90, 30.8956, 
10, 6.075, 90, 30.7439, 
10, 6.1, 90, 30.6143, 
10, 6.125, 90, 30.5087, 
10, 6.15, 90, 30.4808, 
10, 6.175, 90, 30.4688, 
10, 6.2, 90, 30.5053, 
10, 6.225, 90, 30.6389, 
10, 6.25, 90, 30.757, 
10, 6.275, 90, 30.9, 
10, 6.3, 90, 31.1226, 
10, 6.325, 90, 31.2794, 
10, 6.35, 90, 31.5802, 
10, 6.375, 90, 31.7719, 
10, 6.4, 90, 31.8599, 
10, 6.425, 90, 31.9166, 
10, 6.45, 90, 32.0248, 
10, 6.475, 90, 32.014, 
10, 6.5, 90, 31.9704, 
10, 6.525, 90, 31.9932, 
10, 6.55, 90, 31.8945, 
10, 6.575, 90, 31.7754, 
10, 6.6, 90, 31.7568, 
10, 6.625, 90, 31.6251, 
10, 6.65, 90, 31.5042, 
10, 6.675, 90, 31.5342, 
10, 6.7, 90, 31.4656, 
10, 6.725, 90, 31.4318, 
10, 6.75, 90, 31.5809, 
10, 6.775, 90, 31.6244, 
10, 6.8, 90, 31.85, 
10, 6.825, 90, 31.9536, 
10, 6.85, 90, 32.0754, 
10, 6.875, 90, 32.4976, 
10, 6.9, 90, 32.624, 
10, 6.925, 90, 32.7392, 
10, 6.95, 90, 32.974, 
10, 6.975, 90, 33.0488, 
10, 7, 90, 33.0985, 
10, 7.025, 90, 33.2544, 
10, 7.05, 90, 33.2502, 
10, 7.075, 90, 33.2201, 
10, 7.1, 90, 33.2964, 
10, 7.125, 90, 33.2333, 
10, 7.15, 90, 33.1366, 
10, 7.175, 90, 33.1616, 
10, 7.2, 90, 33.0597, 
10, 7.225, 90, 32.9654, 
10, 7.25, 90, 33.0088, 
10, 7.275, 90, 32.9499, 
10, 7.3, 90, 32.9166, 
10, 7.325, 90, 33.023, 
10, 7.35, 90, 33.0449, 
10, 7.375, 90, 33.0933, 
10, 7.4, 90, 33.3771, 
10, 7.425, 90, 33.4698, 
10, 7.45, 90, 33.5688, 
10, 7.475, 90, 33.7449, 
10, 7.5, 90, 33.8352, 
10, 7.525, 90, 33.9138, 
10, 7.55, 90, 34.0405, 
10, 7.575, 90, 34.0832, 
10, 7.6, 90, 34.1048, 
10, 7.625, 90, 34.1571, 
10, 7.65, 90, 34.1705, 
10, 7.675, 90, 34.1148, 
10, 7.7, 90, 34.0855, 
10, 7.725, 90, 34.0008, 
10, 7.75, 90, 33.9084, 
10, 7.775, 90, 33.8459, 
10, 7.8, 90, 33.7546, 
10, 7.825, 90, 33.6728, 
10, 7.85, 90, 33.6276, 
10, 7.875, 90, 33.5798, 
10, 7.9, 90, 33.5549, 
10, 7.925, 90, 33.6465, 
10, 7.95, 90, 33.6841, 
10, 7.975, 90, 33.7406, 
10, 8, 90, 33.8155, 
10, 8.025, 90, 33.8939, 
10, 8.05, 90, 33.9765, 
10, 8.075, 90, 34.0544, 
10, 8.1, 90, 34.1242, 
10, 8.125, 90, 34.1831, 
10, 8.15, 90, 34.2246, 
10, 8.175, 90, 34.2479, 
10, 8.2, 90, 34.3094, 
10, 8.225, 90, 34.2793, 
10, 8.25, 90, 34.2311, 
10, 8.275, 90, 34.1761, 
10, 8.3, 90, 34.1002, 
10, 8.325, 90, 34.0163, 
10, 8.35, 90, 33.9469, 
10, 8.375, 90, 33.863, 
10, 8.4, 90, 33.7871, 
10, 8.425, 90, 33.7546, 
10, 8.45, 90, 33.7107, 
10, 8.475, 90, 33.7478, 
10, 8.5, 90, 33.8092, 
10, 8.525, 90, 33.8464, 
10, 8.55, 90, 33.9013, 
10, 8.575, 90, 34.0305, 
10, 8.6, 90, 34.1077, 
10, 8.625, 90, 34.1878, 
10, 8.65, 90, 34.3392, 
10, 8.675, 90, 34.4104, 
10, 8.7, 90, 34.4706, 
10, 8.725, 90, 34.6797, 
10, 8.75, 90, 34.6968, 
10, 8.775, 90, 34.6959, 
10, 8.8, 90, 34.7702, 
10, 8.825, 90, 34.7367, 
10, 8.85, 90, 34.6897, 
10, 8.875, 90, 34.7335, 
10, 8.9, 90, 34.6699, 
10, 8.925, 90, 34.6036, 
10, 8.95, 90, 34.6486, 
10, 8.975, 90, 34.5918, 
10, 9, 90, 34.5718, 
10, 9.025, 90, 34.6654, 
10, 9.05, 90, 34.6648, 
10, 9.075, 90, 34.6822, 
10, 9.1, 90, 34.826, 
10, 9.125, 90, 34.8741, 
10, 9.15, 90, 35.0359, 
10, 9.175, 90, 35.1012, 
10, 9.2, 90, 35.1697, 
10, 9.225, 90, 35.3289, 
10, 9.25, 90, 35.3902, 
10, 9.275, 90, 35.5282, 
10, 9.3, 90, 35.6396, 
10, 9.325, 90, 35.6564, 
10, 9.35, 90, 35.6585, 
10, 9.375, 90, 35.7149, 
10, 9.4, 90, 35.6881, 
10, 9.425, 90, 35.6493, 
10, 9.45, 90, 35.6581, 
10, 9.475, 90, 35.6018, 
10, 9.5, 90, 35.5421, 
10, 9.525, 90, 35.5275, 
10, 9.55, 90, 35.4811, 
10, 9.575, 90, 35.4401, 
10, 9.6, 90, 35.4439, 
10, 9.625, 90, 35.4289, 
10, 9.65, 90, 35.4292, 
10, 9.675, 90, 35.4641, 
10, 9.7, 90, 35.4917, 
10, 9.725, 90, 35.5306, 
10, 9.75, 90, 35.5877, 
10, 9.775, 90, 35.6389, 
10, 9.8, 90, 35.6913, 
10, 9.825, 90, 35.7454, 
10, 9.85, 90, 35.8752, 
10, 9.875, 90, 35.9019, 
10, 9.9, 90, 35.9183, 
10, 9.925, 90, 35.92, 
10, 9.95, 90, 35.9086, 
10, 9.975, 90, 35.8868, 
10, 10, 90, 35.8511, 
10, 10.025, 90, 35.8056, 
10, 10.05, 90, 35.7595, 
10, 10.075, 90, 35.7025, 
10, 10.1, 90, 35.6589, 
10, 10.125, 90, 35.6121, 
10, 10.15, 90, 35.5704, 
10, 10.175, 90, 35.5667, 
10, 10.2, 90, 35.5506, 
10, 10.225, 90, 35.5486, 
10, 10.25, 90, 35.6019, 
10, 10.275, 90, 35.6283, 
10, 10.3, 90, 35.6655, 
10, 10.325, 90, 35.7669, 
10, 10.35, 90, 35.8188, 
10, 10.375, 90, 35.8725, 
10, 10.4, 90, 36.0837, 
10, 10.425, 90, 36.1256, 
10, 10.45, 90, 36.1584, 
10, 10.475, 90, 36.2576, 
10, 10.5, 90, 36.2685, 
10, 10.525, 90, 36.2675, 
10, 10.55, 90, 36.3398, 
10, 10.575, 90, 36.3174, 
10, 10.6, 90, 36.286, 
10, 10.625, 90, 36.3381, 
10, 10.65, 90, 36.296, 
10, 10.675, 90, 36.2524, 
10, 10.7, 90, 36.3097, 
10, 10.725, 90, 36.2789, 
10, 10.75, 90, 36.257, 
10, 10.775, 90, 36.3358, 
10, 10.8, 90, 36.3361, 
10, 10.825, 90, 36.3481, 
10, 10.85, 90, 36.4531, 
10, 10.875, 90, 36.4848, 
10, 10.9, 90, 36.5241, 
10, 10.925, 90, 36.6386, 
10, 10.95, 90, 36.6842, 
10, 10.975, 90, 36.8718, 
10, 11, 90, 36.908, 
10, 11.025, 90, 36.937, 
10, 11.05, 90, 37.0019, 
10, 11.075, 90, 37.0116, 
10, 11.1, 90, 37.0111, 
10, 11.125, 90, 37.0327, 
10, 11.15, 90, 37.0118, 
10, 11.175, 90, 36.9824, 
10, 11.2, 90, 36.9671, 
10, 11.225, 90, 36.9252, 
10, 11.25, 90, 36.8808, 
10, 11.275, 90, 36.8518, 
10, 11.3, 90, 36.814, 
10, 11.325, 90, 36.7832, 
10, 11.35, 90, 36.7656, 
10, 11.375, 90, 36.7533, 
10, 11.4, 90, 36.7515, 
10, 11.425, 90, 36.7619, 
10, 11.45, 90, 36.78, 
10, 11.475, 90, 36.806, 
10, 11.5, 90, 36.8419, 
10, 11.525, 90, 36.8779, 
10, 11.55, 90, 36.9994, 
10, 11.575, 90, 37.0417, 
10, 11.6, 90, 37.0686, 
10, 11.625, 90, 37.0883, 
10, 11.65, 90, 37.1189, 
10, 11.675, 90, 37.1215, 
10, 11.7, 90, 37.1148, 
10, 11.725, 90, 37.1304, 
10, 11.75, 90, 37.1074, 
10, 11.775, 90, 37.0776, 
10, 11.8, 90, 37.0878, 
10, 11.825, 90, 37.0511, 
10, 11.85, 90, 37.0751, 
10, 11.875, 90, 37.0447, 
10, 11.9, 90, 37.0204, 
10, 11.925, 90, 37.0744, 
10, 11.95, 90, 37.0679, 
10, 11.975, 90, 37.0709, 
10, 12, 90, 37.1622, 
10, 12.025, 90, 37.1837, 
10, 12.05, 90, 37.2128, 
10, 12.075, 90, 37.3291, 
10, 12.1, 90, 37.3673, 
10, 12.125, 90, 37.4071, 
10, 12.15, 90, 37.6015, 
10, 12.175, 90, 37.6323, 
10, 12.2, 90, 37.6567, 
10, 12.225, 90, 37.7464, 
10, 12.25, 90, 37.7549, 
10, 12.275, 90, 37.7551, 
10, 12.3, 90, 37.811, 
10, 12.325, 90, 37.7951, 
10, 12.35, 90, 37.7726, 
10, 12.375, 90, 37.798, 
10, 12.4, 90, 37.7663, 
10, 12.425, 90, 37.7331, 
10, 12.45, 90, 37.746, 
10, 12.475, 90, 37.7196, 
10, 12.5, 90, 37.6993, 
10, 12.525, 90, 37.7132, 
10, 12.55, 90, 37.707, 
10, 12.575, 90, 37.725, 
10, 12.6, 90, 37.7341, 
10, 12.625, 90, 37.7503, 
10, 12.65, 90, 37.7793, 
10, 12.675, 90, 37.8051, 
10, 12.7, 90, 37.8334, 
10, 12.725, 90, 37.8647, 
10, 12.75, 90, 37.9631, 
10, 12.775, 90, 37.982, 
10, 12.8, 90, 37.9973, 
10, 12.825, 90, 38.0033, 
10, 12.85, 90, 38.0019, 
10, 12.875, 90, 38.0004, 
10, 12.9, 90, 37.985, 
10, 12.925, 90, 37.9632, 
10, 12.95, 90, 37.9525, 
10, 12.975, 90, 37.9225, 
10, 13, 90, 37.8904, 
10, 13.025, 90, 37.8867, 
10, 13.05, 90, 37.8652, 
10, 13.075, 90, 37.8446, 
10, 13.1, 90, 37.8737, 
10, 13.125, 90, 37.8684, 
10, 13.15, 90, 37.8708, 
10, 13.175, 90, 37.9371, 
10, 13.2, 90, 37.955, 
10, 13.225, 90, 37.9786, 
10, 13.25, 90, 38.0733, 
10, 13.275, 90, 38.1049, 
10, 13.3, 90, 38.1375, 
10, 13.325, 90, 38.2411, 
10, 13.35, 90, 38.3353, 
10, 13.375, 90, 38.4268, 
10, 13.4, 90, 38.4401, 
10, 13.425, 90, 38.4467, 
10, 13.45, 90, 38.5149, 
10, 13.475, 90, 38.5079, 
10, 13.5, 90, 38.4949, 
10, 13.525, 90, 38.5378, 
10, 13.55, 90, 38.5153, 
10, 13.575, 90, 38.4902, 
10, 13.6, 90, 38.5144, 
10, 13.625, 90, 38.4882, 
10, 13.65, 90, 38.4639, 
10, 13.675, 90, 38.4975, 
10, 13.7, 90, 38.4882, 
10, 13.725, 90, 38.4854, 
10, 13.75, 90, 38.5129, 
10, 13.775, 90, 38.5219, 
10, 13.8, 90, 38.5364, 
10, 13.825, 90, 38.5678, 
10, 13.85, 90, 38.5893, 
10, 13.875, 90, 38.6127, 
10, 13.9, 90, 38.6411, 
10, 13.925, 90, 38.6632, 
10, 13.95, 90, 38.6826, 
10, 13.975, 90, 38.7528, 
10, 14, 90, 38.7563, 
10, 14.025, 90, 38.7577, 
10, 14.05, 90, 38.7493, 
10, 14.075, 90, 38.7353, 
10, 14.1, 90, 38.7272, 
10, 14.125, 90, 38.7047, 
10, 14.15, 90, 38.6793, 
10, 14.175, 90, 38.6744, 
10, 14.2, 90, 38.6484, 
10, 14.225, 90, 38.6238, 
10, 14.25, 90, 38.6377, 
10, 14.275, 90, 38.6213, 
10, 14.3, 90, 38.6385, 
10, 14.325, 90, 38.6905, 
10, 14.35, 90, 38.7003, 
10, 14.375, 90, 38.7156, 
10, 14.4, 90, 38.7956, 
10, 14.425, 90, 38.8197, 
10, 14.45, 90, 38.846, 
10, 14.475, 90, 38.9389, 
10, 14.5, 90, 38.9656, 
10, 14.525, 90, 38.9902, 
10, 14.55, 90, 39.0779, 
10, 14.575, 90, 39.095, 
10, 14.6, 90, 39.1074, 
10, 14.625, 90, 39.2067, 
10, 14.65, 90, 39.2003, 
10, 14.675, 90, 39.1891, 
10, 14.7, 90, 39.2267, 
10, 14.725, 90, 39.2076, 
10, 14.75, 90, 39.2287, 
10, 14.775, 90, 39.206, 
10, 14.8, 90, 39.1838, 
10, 14.825, 90, 39.1926, 
10, 14.85, 90, 39.1743, 
10, 14.875, 90, 39.1598, 
10, 14.9, 90, 39.1669, 
10, 14.925, 90, 39.1996, 
10, 14.95, 90, 39.2069, 
10, 14.975, 90, 39.2259, 
10, 15, 90, 39.2408, 
10, 15.025, 90, 39.2584, 
10, 15.05, 90, 39.28, 
10, 15.075, 90, 39.2991, 
10, 15.1, 90, 39.3172, 
10, 15.125, 90, 39.3366, 
10, 15.15, 90, 39.3497, 
10, 15.175, 90, 39.3587, 
10, 15.2, 90, 39.373, 
10, 15.225, 90, 39.3731, 
10, 15.25, 90, 39.3883, 
10, 15.275, 90, 39.393, 
10, 15.3, 90, 39.3748, 
10, 15.325, 90, 39.3544, 
10, 15.35, 90, 39.3665, 
10, 15.375, 90, 39.3462, 
10, 15.4, 90, 39.3271, 
10, 15.425, 90, 39.3573, 
10, 15.45, 90, 39.3451, 
10, 15.475, 90, 39.3938, 
10, 15.5, 90, 39.3912, 
10, 15.525, 90, 39.3936, 
10, 15.55, 90, 39.4634, 
10, 15.575, 90, 39.5288, 
10, 15.6, 90, 39.5495, 
10, 15.625, 90, 39.6331, 
10, 15.65, 90, 39.6557, 
10, 15.675, 90, 39.6777, 
10, 15.7, 90, 39.7528, 
10, 15.725, 90, 39.7698, 
10, 15.75, 90, 39.7834, 
10, 15.775, 90, 39.8373, 
10, 15.8, 90, 39.8415, 
10, 15.825, 90, 39.8412, 
10, 15.85, 90, 39.8681, 
10, 15.875, 90, 39.8581, 
10, 15.9, 90, 39.8445, 
10, 15.925, 90, 39.8508, 
10, 15.95, 90, 39.8299, 
10, 15.975, 90, 39.8095, 
10, 16, 90, 39.7997, 
10, 16.025, 90, 39.7827, 
10, 16.05, 90, 39.769, 
10, 16.075, 90, 39.7625, 
10, 16.1, 90, 39.757, 
10, 16.125, 90, 39.7591, 
10, 16.15, 90, 39.7628, 
10, 16.175, 90, 39.7707, 
10, 16.2, 90, 39.7907, 
10, 16.225, 90, 39.8053, 
10, 16.25, 90, 39.8817, 
10, 16.275, 90, 39.9171, 
10, 16.3, 90, 39.9324, 
10, 16.325, 90, 39.945, 
10, 16.35, 90, 39.9862, 
10, 16.375, 90, 39.9926, 
10, 16.4, 90, 39.9948, 
10, 16.425, 90, 40.0373, 
10, 16.45, 90, 40.0322, 
10, 16.475, 90, 40.0235, 
10, 16.5, 90, 40.0656, 
10, 16.525, 90, 40.0522, 
10, 16.55, 90, 40.0374, 
10, 16.575, 90, 40.0804, 
10, 16.6, 90, 40.0721, 
10, 16.625, 90, 40.063, 
10, 16.65, 90, 40.1136, 
10, 16.675, 90, 40.1113, 
10, 16.7, 90, 40.1131, 
10, 16.725, 90, 40.1673, 
10, 16.75, 90, 40.1761, 
10, 16.775, 90, 40.2255, 
10, 16.8, 90, 40.2392, 
10, 16.825, 90, 40.2548, 
10, 16.85, 90, 40.2954, 
10, 16.875, 90, 40.3111, 
10, 16.9, 90, 40.3259, 
10, 16.925, 90, 40.3992, 
10, 16.95, 90, 40.4041, 
10, 16.975, 90, 40.4054, 
10, 17, 90, 40.4075, 
10, 17.025, 90, 40.4008, 
10, 17.05, 90, 40.3906, 
10, 17.075, 90, 40.3799, 
10, 17.1, 90, 40.3641, 
10, 17.125, 90, 40.3465, 
10, 17.15, 90, 40.3348, 
10, 17.175, 90, 40.3168, 
10, 17.2, 90, 40.2997, 
10, 17.225, 90, 40.301, 
10, 17.25, 90, 40.289, 
10, 17.275, 90, 40.3037, 
10, 17.3, 90, 40.3345, 
10, 17.325, 90, 40.3405, 
10, 17.35, 90, 40.3499, 
10, 17.375, 90, 40.4048, 
10, 17.4, 90, 40.4203, 
10, 17.425, 90, 40.4883, 
10, 17.45, 90, 40.5062, 
10, 17.475, 90, 40.5241, 
10, 17.5, 90, 40.5955, 
10, 17.525, 90, 40.6102, 
10, 17.55, 90, 40.6225, 
10, 17.575, 90, 40.6837, 
10, 17.6, 90, 40.6892, 
10, 17.625, 90, 40.7118, 
10, 17.65, 90, 40.7486, 
10, 17.675, 90, 40.7382, 
10, 17.7, 90, 40.7258, 
10, 17.725, 90, 40.7442, 
10, 17.75, 90, 40.729, 
10, 17.775, 90, 40.7141, 
10, 17.8, 90, 40.7194, 
10, 17.825, 90, 40.7064, 
10, 17.85, 90, 40.6957, 
10, 17.875, 90, 40.6966, 
10, 17.9, 90, 40.6915, 
10, 17.925, 90, 40.6897, 
10, 17.95, 90, 40.6945, 
10, 17.975, 90, 40.7459, 
10, 18, 90, 40.7568, 
10, 18.025, 90, 40.773, 
10, 18.05, 90, 40.7856, 
10, 18.075, 90, 40.8085, 
10, 18.1, 90, 40.8201, 
10, 18.125, 90, 40.8297, 
10, 18.15, 90, 40.8594, 
10, 18.175, 90, 40.8647, 
10, 18.2, 90, 40.8669, 
10, 18.225, 90, 40.9012, 
10, 18.25, 90, 40.8979, 
10, 18.275, 90, 40.892, 
10, 18.3, 90, 40.9295, 
10, 18.325, 90, 40.9232, 
10, 18.35, 90, 40.9114, 
10, 18.375, 90, 40.9522, 
10, 18.4, 90, 40.9427, 
10, 18.425, 90, 40.9353, 
10, 18.45, 90, 40.9812, 
10, 18.475, 90, 40.9788, 
10, 18.5, 90, 40.9795, 
10, 18.525, 90, 41.0264, 
10, 18.55, 90, 41.0324, 
10, 18.575, 90, 41.041, 
10, 18.6, 90, 41.0829, 
10, 18.625, 90, 41.0944, 
10, 18.65, 90, 41.1069, 
10, 18.675, 90, 41.1379, 
10, 18.7, 90, 41.1973, 
10, 18.725, 90, 41.2131, 
10, 18.75, 90, 41.2173, 
10, 18.775, 90, 41.2188, 
10, 18.8, 90, 41.2204, 
10, 18.825, 90, 41.2157, 
10, 18.85, 90, 41.2083, 
10, 18.875, 90, 41.2028, 
10, 18.9, 90, 41.1912, 
10, 18.925, 90, 41.1779, 
10, 18.95, 90, 41.1761, 
10, 18.975, 90, 41.1624, 
10, 19, 90, 41.1492, 
10, 19.025, 90, 41.1617, 
10, 19.05, 90, 41.1522, 
10, 19.075, 90, 41.1642, 
10, 19.1, 90, 41.2026, 
10, 19.125, 90, 41.2073, 
10, 19.15, 90, 41.2148, 
10, 19.175, 90, 41.2716, 
10, 19.2, 90, 41.2838, 
10, 19.225, 90, 41.2975, 
10, 19.25, 90, 41.3616, 
10, 19.275, 90, 41.376, 
10, 19.3, 90, 41.3897, 
10, 19.325, 90, 41.4477, 
10, 19.35, 90, 41.458, 
10, 19.375, 90, 41.5024, 
10, 19.4, 90, 41.5071, 
10, 19.425, 90, 41.5306, 
10, 19.45, 90, 41.5487, 
10, 19.475, 90, 41.5399, 
10, 19.5, 90, 41.5291, 
10, 19.525, 90, 41.5292, 
10, 19.55, 90, 41.5157, 
10, 19.575, 90, 41.5022, 
10, 19.6, 90, 41.4936, 
10, 19.625, 90, 41.4814, 
10, 19.65, 90, 41.4709, 
10, 19.675, 90, 41.4659, 
10, 19.7, 90, 41.4602, 
10, 19.725, 90, 41.4572, 
10, 19.75, 90, 41.4667, 
10, 19.775, 90, 41.4699, 
10, 19.8, 90, 41.5195, 
10, 19.825, 90, 41.551, 
10, 19.85, 90, 41.5627, 
10, 19.875, 90, 41.5743, 
10, 19.9, 90, 41.6191, 
10, 19.925, 90, 41.6297, 
10, 19.95, 90, 41.6386, 
10, 19.975, 90, 41.689, 
10, 20, 90, 41.6939, 
10, 20.025, 90, 41.7437, 
10, 20.05, 90, 41.7436, 
10, 20.075, 90, 41.7412, 
10, 20.1, 90, 41.7808, 
10, 20.125, 90, 41.7739, 
10, 20.15, 90, 41.7655, 
10, 20.175, 90, 41.7913, 
10, 20.2, 90, 41.7848, 
10, 20.225, 90, 41.7765, 
10, 20.25, 90, 41.7923, 
10, 20.275, 90, 41.7867, 
10, 20.3, 90, 41.7834, 
10, 20.325, 90, 41.7932, 
10, 20.35, 90, 41.7939, 
10, 20.375, 90, 41.7969, 
10, 20.4, 90, 41.8058, 
10, 20.425, 90, 41.8122, 
10, 20.45, 90, 41.8199, 
10, 20.475, 90, 41.8325, 
10, 20.5, 90, 41.8415, 
10, 20.525, 90, 41.8501, 
10, 20.55, 90, 41.8697, 
10, 20.575, 90, 41.9125, 
10, 20.6, 90, 41.9137, 
10, 20.625, 90, 41.9362, 
10, 20.65, 90, 41.9338, 
10, 20.675, 90, 41.9644, 
10, 20.7, 90, 41.959, 
10, 20.725, 90, 41.952, 
10, 20.75, 90, 41.9877, 
10, 20.775, 90, 41.9796, 
10, 20.8, 90, 41.9714, 
10, 20.825, 90, 42.0091, 
10, 20.85, 90, 42.0021, 
10, 20.875, 90, 41.9964, 
10, 20.9, 90, 42.032, 
10, 20.925, 90, 42.0293, 
10, 20.95, 90, 42.0288, 
10, 20.975, 90, 42.0914, 
10, 21, 90, 42.0983, 
10, 21.025, 90, 42.1065, 
10, 21.05, 90, 42.1307, 
10, 21.075, 90, 42.1391, 
10, 21.1, 90, 42.1475, 
10, 21.125, 90, 42.1612, 
10, 21.15, 90, 42.1675, 
10, 21.175, 90, 42.1723, 
10, 21.2, 90, 42.1787, 
10, 21.225, 90, 42.18, 
10, 21.25, 90, 42.1792, 
10, 21.275, 90, 42.1845, 
10, 21.3, 90, 42.1802, 
10, 21.325, 90, 42.174, 
10, 21.35, 90, 42.1853, 
10, 21.375, 90, 42.1809, 
10, 21.4, 90, 42.2027, 
10, 21.425, 90, 42.1951, 
10, 21.45, 90, 42.1886, 
10, 21.475, 90, 42.2246, 
10, 21.5, 90, 42.222, 
10, 21.525, 90, 42.2214, 
10, 21.55, 90, 42.267, 
10, 21.575, 90, 42.2705, 
10, 21.6, 90, 42.276, 
10, 21.625, 90, 42.3225, 
10, 21.65, 90, 42.3305, 
10, 21.675, 90, 42.3396, 
10, 21.7, 90, 42.3776, 
10, 21.725, 90, 42.3866, 
10, 21.75, 90, 42.3953, 
10, 21.775, 90, 42.4567, 
10, 21.8, 90, 42.4593, 
10, 21.825, 90, 42.4601, 
10, 21.85, 90, 42.4648, 
10, 21.875, 90, 42.461, 
10, 21.9, 90, 42.4553, 
10, 21.925, 90, 42.4513, 
10, 21.95, 90, 42.4426, 
10, 21.975, 90, 42.4329, 
10, 22, 90, 42.4311, 
10, 22.025, 90, 42.4213, 
10, 22.05, 90, 42.4305, 
10, 22.075, 90, 42.4227, 
10, 22.1, 90, 42.416, 
10, 22.125, 90, 42.4423, 
10, 22.15, 90, 42.4398, 
10, 22.175, 90, 42.4391, 
10, 22.2, 90, 42.5111, 
10, 22.225, 90, 42.5188, 
10, 22.25, 90, 42.5277, 
10, 22.275, 90, 42.5796, 
10, 22.3, 90, 42.5897, 
10, 22.325, 90, 42.5998, 
10, 22.35, 90, 42.6451, 
10, 22.375, 90, 42.6533, 
10, 22.4, 90, 42.6602, 
10, 22.425, 90, 42.6897, 
10, 22.45, 90, 42.6926, 
10, 22.475, 90, 42.6936, 
10, 22.5, 90, 42.7046, 
10, 22.525, 90, 42.7011, 
10, 22.55, 90, 42.6958, 
10, 22.575, 90, 42.6933, 
10, 22.6, 90, 42.6848, 
10, 22.625, 90, 42.6789, 
10, 22.65, 90, 42.6737, 
10, 22.675, 90, 42.6652, 
10, 22.7, 90, 42.6579, 
10, 22.725, 90, 42.6644, 
10, 22.75, 90, 42.6611, 
10, 22.775, 90, 42.6837, 
10, 22.8, 90, 42.6851, 
10, 22.825, 90, 42.6884, 
10, 22.85, 90, 42.7289, 
10, 22.875, 90, 42.7361, 
10, 22.9, 90, 42.7444, 
10, 22.925, 90, 42.7946, 
10, 22.95, 90, 42.8042, 
10, 22.975, 90, 42.8138, 
10, 23, 90, 42.8612, 
10, 23.025, 90, 42.8692, 
10, 23.05, 90, 42.9063, 
10, 23.075, 90, 42.9361, 
10, 23.1, 90, 42.9351, 
10, 23.125, 90, 42.9323, 
10, 23.15, 90, 42.9438, 
10, 23.175, 90, 42.9372, 
10, 23.2, 90, 42.9294, 
10, 23.225, 90, 42.9271, 
10, 23.25, 90, 42.9178, 
10, 23.275, 90, 42.9084, 
10, 23.3, 90, 42.9031, 
10, 23.325, 90, 42.895, 
10, 23.35, 90, 42.888, 
10, 23.375, 90, 42.8919, 
10, 23.4, 90, 42.8886, 
10, 23.425, 90, 42.9073, 
10, 23.45, 90, 42.9085, 
10, 23.475, 90, 42.945, 
10, 23.5, 90, 42.9847, 
10, 23.525, 90, 42.9933, 
10, 23.55, 90, 43.0022, 
10, 23.575, 90, 43.0503, 
10, 23.6, 90, 43.0588, 
10, 23.625, 90, 43.0665, 
10, 23.65, 90, 43.1108, 
10, 23.675, 90, 43.1156, 
10, 23.7, 90, 43.1189, 
10, 23.725, 90, 43.1492, 
10, 23.75, 90, 43.1483, 
10, 23.775, 90, 43.1458, 
10, 23.8, 90, 43.1581, 
10, 23.825, 90, 43.152, 
10, 23.85, 90, 43.1448, 
10, 23.875, 90, 43.1434, 
10, 23.9, 90, 43.1346, 
10, 23.925, 90, 43.1314, 
10, 23.95, 90, 43.1289, 
10, 23.975, 90, 43.1241, 
10, 24, 90, 43.1209, 
10, 24.025, 90, 43.129, 
10, 24.05, 90, 43.1297, 
10, 24.075, 90, 43.1321, 
10, 24.1, 90, 43.1573, 
10, 24.125, 90, 43.1632, 
10, 24.15, 90, 43.1701, 
10, 24.175, 90, 43.2106, 
10, 24.2, 90, 43.219, 
10, 24.225, 90, 43.2657, 
10, 24.25, 90, 43.2738, 
10, 24.275, 90, 43.281, 
10, 24.3, 90, 43.323, 
10, 24.325, 90, 43.3275, 
10, 24.35, 90, 43.3305, 
10, 24.375, 90, 43.3737, 
10, 24.4, 90, 43.3693, 
10, 24.425, 90, 43.3638, 
10, 24.45, 90, 43.371, 
10, 24.475, 90, 43.3633, 
10, 24.5, 90, 43.3554, 
10, 24.525, 90, 43.3525, 
10, 24.55, 90, 43.3448, 
10, 24.575, 90, 43.3378, 
10, 24.6, 90, 43.3364, 
10, 24.625, 90, 43.332, 
10, 24.65, 90, 43.3291, 
10, 24.675, 90, 43.3403, 
10, 24.7, 90, 43.3413, 
10, 24.725, 90, 43.3436, 
10, 24.75, 90, 43.3725, 
10, 24.775, 90, 43.3783, 
10, 24.8, 90, 43.385, 
10, 24.825, 90, 43.4649, 
10, 24.85, 90, 43.4722, 
10, 24.875, 90, 43.4787, 
10, 24.9, 90, 43.5212, 
10, 24.925, 90, 43.5252, 
10, 24.95, 90, 43.559, 
10, 24.975, 90, 43.5595, 
10, 25, 90, 43.5585, 
10, 25.025, 90, 43.5758, 
10, 25.05, 90, 43.5713, 
10, 25.075, 90, 43.5657, 
10, 25.1, 90, 43.5678, 
10, 25.125, 90, 43.5602, 
10, 25.15, 90, 43.5525, 
10, 25.175, 90, 43.5485, 
10, 25.2, 90, 43.5412, 
10, 25.225, 90, 43.5346, 
10, 25.25, 90, 43.5371, 
10, 25.275, 90, 43.5332, 
10, 25.3, 90, 43.5527, 
10, 25.325, 90, 43.5745, 
10, 25.35, 90, 43.5791, 
10, 25.375, 90, 43.5846, 
10, 25.4, 90, 43.622, 
10, 25.425, 90, 43.6294, 
10, 25.45, 90, 43.6369, 
10, 25.475, 90, 43.6807, 
10, 25.5, 90, 43.6876, 
10, 25.525, 90, 43.6938, 
10, 25.55, 90, 43.7317, 
10, 25.575, 90, 43.7351, 
10, 25.6, 90, 43.7373, 
10, 25.625, 90, 43.76, 
10, 25.65, 90, 43.7585, 
10, 25.675, 90, 43.7558, 
10, 25.7, 90, 43.762, 
10, 25.725, 90, 43.7563, 
10, 25.75, 90, 43.7539, 
10, 25.775, 90, 43.7468, 
10, 25.8, 90, 43.744, 
10, 25.825, 90, 43.7445, 
10, 25.85, 90, 43.7402, 
10, 25.875, 90, 43.737, 
10, 25.9, 90, 43.7518, 
10, 25.925, 90, 43.7522, 
10, 25.95, 90, 43.754, 
10, 25.975, 90, 43.7858, 
10, 26, 90, 43.7907, 
10, 26.025, 90, 43.7965, 
10, 26.05, 90, 43.8384, 
10, 26.075, 90, 43.8455, 
10, 26.1, 90, 43.8526, 
10, 26.125, 90, 43.8923, 
10, 26.15, 90, 43.8984, 
10, 26.175, 90, 43.9037, 
10, 26.2, 90, 43.9305, 
10, 26.225, 90, 43.933, 
10, 26.25, 90, 43.9343, 
10, 26.275, 90, 43.9447, 
10, 26.3, 90, 43.9545, 
10, 26.325, 90, 43.9487, 
10, 26.35, 90, 43.9463, 
10, 26.375, 90, 43.9393, 
10, 26.4, 90, 43.9324, 
10, 26.425, 90, 43.9326, 
10, 26.45, 90, 43.9269, 
10, 26.475, 90, 43.9219, 
10, 26.5, 90, 43.9355, 
10, 26.525, 90, 43.9334, 
10, 26.55, 90, 43.9326, 
10, 26.575, 90, 43.9624, 
10, 26.6, 90, 43.9648, 
10, 26.625, 90, 44.003, 
10, 26.65, 90, 44.0075, 
10, 26.675, 90, 44.0129, 
10, 26.7, 90, 44.05, 
10, 26.725, 90, 44.0557, 
10, 26.75, 90, 44.0616, 
10, 26.775, 90, 44.0875, 
10, 26.8, 90, 44.1224, 
10, 26.825, 90, 44.1239, 
10, 26.85, 90, 44.1329, 
10, 26.875, 90, 44.1314, 
10, 26.9, 90, 44.1288, 
10, 26.925, 90, 44.129, 
10, 26.95, 90, 44.1244, 
10, 26.975, 90, 44.119, 
10, 27, 90, 44.122, 
10, 27.025, 90, 44.1165, 
10, 27.05, 90, 44.1109, 
10, 27.075, 90, 44.126, 
10, 27.1, 90, 44.1219, 
10, 27.125, 90, 44.1185, 
10, 27.15, 90, 44.1469, 
10, 27.175, 90, 44.1457, 
10, 27.2, 90, 44.1455, 
10, 27.225, 90, 44.1801, 
10, 27.25, 90, 44.1818, 
10, 27.275, 90, 44.1846, 
10, 27.3, 90, 44.2148, 
10, 27.325, 90, 44.2508, 
10, 27.35, 90, 44.2559, 
10, 27.375, 90, 44.2752, 
10, 27.4, 90, 44.2788, 
10, 27.425, 90, 44.2816, 
10, 27.45, 90, 44.2891, 
10, 27.475, 90, 44.2899, 
10, 27.5, 90, 44.2897, 
10, 27.525, 90, 44.2938, 
10, 27.55, 90, 44.292, 
10, 27.575, 90, 44.3026, 
10, 27.6, 90, 44.2999, 
10, 27.625, 90, 44.2966, 
10, 27.65, 90, 44.318, 
10, 27.675, 90, 44.3147, 
10, 27.7, 90, 44.3111, 
10, 27.725, 90, 44.3403, 
10, 27.75, 90, 44.3372, 
10, 27.775, 90, 44.3345, 
10, 27.8, 90, 44.3628, 
10, 27.825, 90, 44.3607, 
10, 27.85, 90, 44.3594, 
10, 27.875, 90, 44.4004, 
10, 27.9, 90, 44.4028, 
10, 27.925, 90, 44.4059, 
10, 27.95, 90, 44.4178, 
10, 27.975, 90, 44.421, 
10, 28, 90, 44.4243, 
10, 28.025, 90, 44.4316, 
10, 28.05, 90, 44.4346, 
10, 28.075, 90, 44.4372, 
10, 28.1, 90, 44.4491, 
10, 28.125, 90, 44.4513, 
10, 28.15, 90, 44.4527, 
10, 28.175, 90, 44.4748, 
10, 28.2, 90, 44.4754, 
10, 28.225, 90, 44.4751, 
10, 28.25, 90, 44.5049, 
10, 28.275, 90, 44.5035, 
10, 28.3, 90, 44.5014, 
10, 28.325, 90, 44.53, 
10, 28.35, 90, 44.5267, 
10, 28.375, 90, 44.5231, 
10, 28.4, 90, 44.5417, 
10, 28.425, 90, 44.546, 
10, 28.45, 90, 44.5445, 
10, 28.475, 90, 44.554, 
10, 28.5, 90, 44.5533, 
10, 28.525, 90, 44.5536, 
10, 28.55, 90, 44.5588, 
10, 28.575, 90, 44.5604, 
10, 28.6, 90, 44.5705, 
10, 28.625, 90, 44.574, 
10, 28.65, 90, 44.5778, 
10, 28.675, 90, 44.6006, 
10, 28.7, 90, 44.6054, 
10, 28.725, 90, 44.61, 
10, 28.75, 90, 44.6435, 
10, 28.775, 90, 44.6476, 
10, 28.8, 90, 44.651, 
10, 28.825, 90, 44.6847, 
10, 28.85, 90, 44.6861, 
10, 28.875, 90, 44.6865, 
10, 28.9, 90, 44.709, 
10, 28.925, 90, 44.7068, 
10, 28.95, 90, 44.7037, 
10, 28.975, 90, 44.7112, 
10, 29, 90, 44.7104, 
10, 29.025, 90, 44.7056, 
10, 29.05, 90, 44.7056, 
10, 29.075, 90, 44.7018, 
10, 29.1, 90, 44.6988, 
10, 29.125, 90, 44.7046, 
10, 29.15, 90, 44.7041, 
10, 29.175, 90, 44.7045, 
10, 29.2, 90, 44.7251, 
10, 29.225, 90, 44.7282, 
10, 29.25, 90, 44.7321, 
10, 29.275, 90, 44.7658, 
10, 29.3, 90, 44.7669, 
10, 29.325, 90, 44.7766, 
10, 29.35, 90, 44.8122, 
10, 29.375, 90, 44.817, 
10, 29.4, 90, 44.8214, 
10, 29.425, 90, 44.8466, 
10, 29.45, 90, 44.8487, 
10, 29.475, 90, 44.85, 
10, 29.5, 90, 44.86, 
10, 29.525, 90, 44.8588, 
10, 29.55, 90, 44.8566, 
10, 29.575, 90, 44.8579, 
10, 29.6, 90, 44.86, 
10, 29.625, 90, 44.8548, 
10, 29.65, 90, 44.8593, 
10, 29.675, 90, 44.8553, 
10, 29.7, 90, 44.8519, 
10, 29.725, 90, 44.8703, 
10, 29.75, 90, 44.8692, 
10, 29.775, 90, 44.869, 
10, 29.8, 90, 44.8995, 
10, 29.825, 90, 44.9012, 
10, 29.85, 90, 44.9325, 
10, 29.875, 90, 44.9353, 
10, 29.9, 90, 44.9386, 
10, 29.925, 90, 44.9611, 
10, 29.95, 90, 44.9642, 
10, 29.975, 90, 44.9674, 
10, 30, 90, 44.9782, 
10, 30.025, 90, 44.9807, 
10, 30.05, 90, 44.9828, 
10, 30.075, 90, 44.9892, 
10, 30.1, 90, 44.9907, 
10, 30.125, 90, 44.9916, 
10, 30.15, 90, 45.004, 
10, 30.175, 90, 45.0045, 
10, 30.2, 90, 45.0043, 
10, 30.225, 90, 45.0358, 
10, 30.25, 90, 45.0334, 
10, 30.275, 90, 45.0309, 
10, 30.3, 90, 45.0583, 
10, 30.325, 90, 45.056, 
10, 30.35, 90, 45.054, 
10, 30.375, 90, 45.0774, 
10, 30.4, 90, 45.0755, 
10, 30.425, 90, 45.0741, 
10, 30.45, 90, 45.0867, 
10, 30.475, 90, 45.0857, 
10, 30.5, 90, 45.0853, 
10, 30.525, 90, 45.0907, 
10, 30.55, 90, 45.0913, 
10, 30.575, 90, 45.0926, 
10, 30.6, 90, 45.1014, 
10, 30.625, 90, 45.1042, 
10, 30.65, 90, 45.1072, 
10, 30.675, 90, 45.1283, 
10, 30.7, 90, 45.1324, 
10, 30.725, 90, 45.1363, 
10, 30.75, 90, 45.1676, 
10, 30.775, 90, 45.1712, 
10, 30.8, 90, 45.1742, 
10, 30.825, 90, 45.2045, 
10, 30.85, 90, 45.2175, 
10, 30.875, 90, 45.2155, 
10, 30.9, 90, 45.2315, 
10, 30.925, 90, 45.2278, 
10, 30.95, 90, 45.2238, 
10, 30.975, 90, 45.2273, 
10, 31, 90, 45.2227, 
10, 31.025, 90, 45.2185, 
10, 31.05, 90, 45.2196, 
10, 31.075, 90, 45.2167, 
10, 31.1, 90, 45.2144, 
10, 31.125, 90, 45.2261, 
10, 31.15, 90, 45.2264, 
10, 31.175, 90, 45.2274, 
10, 31.2, 90, 45.2539, 
10, 31.225, 90, 45.2572, 
10, 31.25, 90, 45.261, 
10, 31.275, 90, 45.294, 
10, 31.3, 90, 45.2984, 
10, 31.325, 90, 45.3028, 
10, 31.35, 90, 45.3289, 
10, 31.375, 90, 45.332, 
10, 31.4, 90, 45.3348, 
10, 31.425, 90, 45.3472, 
10, 31.45, 90, 45.3481, 
10, 31.475, 90, 45.3483, 
10, 31.5, 90, 45.3524, 
10, 31.525, 90, 45.3625, 
10, 31.55, 90, 45.3681, 
10, 31.575, 90, 45.3648, 
10, 31.6, 90, 45.3615, 
10, 31.625, 90, 45.3791, 
10, 31.65, 90, 45.3769, 
10, 31.675, 90, 45.3749, 
10, 31.7, 90, 45.4016, 
10, 31.725, 90, 45.4007, 
10, 31.75, 90, 45.4003, 
10, 31.775, 90, 45.4246, 
10, 31.8, 90, 45.4246, 
10, 31.825, 90, 45.425, 
10, 31.85, 90, 45.4389, 
10, 31.875, 90, 45.4395, 
10, 31.9, 90, 45.4405, 
10, 31.925, 90, 45.4469, 
10, 31.95, 90, 45.4485, 
10, 31.975, 90, 45.4503, 
10, 32, 90, 45.4605, 
10, 32.025, 90, 45.4632, 
10, 32.05, 90, 45.4658, 
10, 32.075, 90, 45.4878, 
10, 32.1, 90, 45.4909, 
10, 32.125, 90, 45.4935, 
10, 32.15, 90, 45.5233, 
10, 32.175, 90, 45.5251, 
10, 32.2, 90, 45.5263, 
10, 32.225, 90, 45.5512, 
10, 32.25, 90, 45.5574, 
10, 32.275, 90, 45.5547, 
10, 32.3, 90, 45.565, 
10, 32.325, 90, 45.5612, 
10, 32.35, 90, 45.5576, 
10, 32.375, 90, 45.5592, 
10, 32.4, 90, 45.556, 
10, 32.425, 90, 45.5534, 
10, 32.45, 90, 45.5594, 
10, 32.475, 90, 45.5587, 
10, 32.5, 90, 45.5588, 
10, 32.525, 90, 45.5789, 
10, 32.55, 90, 45.5813, 
10, 32.575, 90, 45.5843, 
10, 32.6, 90, 45.6149, 
10, 32.625, 90, 45.6189, 
10, 32.65, 90, 45.623, 
10, 32.675, 90, 45.6508, 
10, 32.7, 90, 45.654, 
10, 32.725, 90, 45.657, 
10, 32.75, 90, 45.6718, 
10, 32.775, 90, 45.673, 
10, 32.8, 90, 45.6735, 
10, 32.825, 90, 45.6784, 
10, 32.85, 90, 45.6776, 
10, 32.875, 90, 45.6763, 
10, 32.9, 90, 45.6835, 
10, 32.925, 90, 45.6819, 
10, 32.95, 90, 45.68, 
10, 32.975, 90, 45.6982, 
10, 33, 90, 45.7014, 
10, 33.025, 90, 45.6999, 
10, 33.05, 90, 45.7259, 
10, 33.075, 90, 45.7253, 
10, 33.1, 90, 45.7252, 
10, 33.125, 90, 45.7473, 
10, 33.15, 90, 45.7473, 
10, 33.175, 90, 45.7478, 
10, 33.2, 90, 45.759, 
10, 33.225, 90, 45.7595, 
10, 33.25, 90, 45.7603, 
10, 33.275, 90, 45.7663, 
10, 33.3, 90, 45.7678, 
10, 33.325, 90, 45.7695, 
10, 33.35, 90, 45.7826, 
10, 33.375, 90, 45.7853, 
10, 33.4, 90, 45.788, 
10, 33.425, 90, 45.8131, 
10, 33.45, 90, 45.8161, 
10, 33.475, 90, 45.8187, 
10, 33.5, 90, 45.8471, 
10, 33.525, 90, 45.8484, 
10, 33.55, 90, 45.8491, 
10, 33.575, 90, 45.8675, 
10, 33.6, 90, 45.866, 
10, 33.625, 90, 45.8639, 
10, 33.65, 90, 45.8688, 
10, 33.675, 90, 45.8652, 
10, 33.7, 90, 45.8614, 
10, 33.725, 90, 45.8631, 
10, 33.75, 90, 45.8597, 
10, 33.775, 90, 45.8564, 
10, 33.8, 90, 45.8787, 
10, 33.825, 90, 45.8792, 
10, 33.85, 90, 45.8803, 
10, 33.875, 90, 45.907, 
10, 33.9, 90, 45.9098, 
10, 33.925, 90, 45.913, 
10, 33.95, 90, 45.9406, 
10, 33.975, 90, 45.9437, 
10, 34, 90, 45.9467, 
10, 34.025, 90, 45.9633, 
10, 34.05, 90, 45.965, 
10, 34.075, 90, 45.9665, 
10, 34.1, 90, 45.9729, 
10, 34.125, 90, 45.9734, 
10, 34.15, 90, 45.9734, 
10, 34.175, 90, 45.9817, 
10, 34.2, 90, 45.9817, 
10, 34.225, 90, 45.9813, 
10, 34.25, 90, 46.0003, 
10, 34.275, 90, 46.0001, 
10, 34.3, 90, 45.9994, 
10, 34.325, 90, 46.0243, 
10, 34.35, 90, 46.0231, 
10, 34.375, 90, 46.0217, 
10, 34.4, 90, 46.0396, 
10, 34.425, 90, 46.037, 
10, 34.45, 90, 46.0344, 
10, 34.475, 90, 46.0403, 
10, 34.5, 90, 46.0373, 
10, 34.525, 90, 46.0347, 
10, 34.55, 90, 46.0379, 
10, 34.575, 90, 46.0365, 
10, 34.6, 90, 46.0358, 
10, 34.625, 90, 46.05, 
10, 34.65, 90, 46.0514, 
10, 34.675, 90, 46.0779, 
10, 34.7, 90, 46.1053, 
10, 34.725, 90, 46.1089, 
10, 34.75, 90, 46.1122, 
10, 34.775, 90, 46.1384, 
10, 34.8, 90, 46.1404, 
10, 34.825, 90, 46.1419, 
10, 34.85, 90, 46.1552, 
10, 34.875, 90, 46.1545, 
10, 34.9, 90, 46.1533, 
10, 34.925, 90, 46.1565, 
10, 34.95, 90, 46.1542, 
10, 34.975, 90, 46.1515, 
10, 35, 90, 46.1586, 
10, 35.025, 90, 46.1564, 
10, 35.05, 90, 46.1542, 
10, 35.075, 90, 46.1732, 
10, 35.1, 90, 46.172, 
10, 35.125, 90, 46.1709, 
10, 35.15, 90, 46.1948, 
10, 35.175, 90, 46.194, 
10, 35.2, 90, 46.1935, 
10, 35.225, 90, 46.2094, 
10, 35.25, 90, 46.2084, 
10, 35.275, 90, 46.2079, 
10, 35.3, 90, 46.2139, 
10, 35.325, 90, 46.2136, 
10, 35.35, 90, 46.2138, 
10, 35.375, 90, 46.2217, 
10, 35.4, 90, 46.2233, 
10, 35.425, 90, 46.2251, 
10, 35.45, 90, 46.2455, 
10, 35.475, 90, 46.2487, 
10, 35.5, 90, 46.2519, 
10, 35.525, 90, 46.2797, 
10, 35.55, 90, 46.2826, 
10, 35.575, 90, 46.2851, 
10, 35.6, 90, 46.3204, 
10, 35.625, 90, 46.3191, 
10, 35.65, 90, 46.3172, 
10, 35.675, 90, 46.3226, 
10, 35.7, 90, 46.3194, 
10, 35.725, 90, 46.3161, 
10, 35.75, 90, 46.3187, 
10, 35.775, 90, 46.3159, 
10, 35.8, 90, 46.3133, 
10, 35.825, 90, 46.327, 
10, 35.85, 90, 46.3261, 
10, 35.875, 90, 46.3257, 
10, 35.9, 90, 46.35, 
10, 35.925, 90, 46.3508, 
10, 35.95, 90, 46.352, 
10, 35.975, 90, 46.3734, 
10, 36, 90, 46.3744, 
10, 36.025, 90, 46.3756, 
10, 36.05, 90, 46.3859, 
10, 36.075, 90, 46.3866, 
10, 36.1, 90, 46.3876, 
10, 36.125, 90, 46.3942, 
10, 36.15, 90, 46.3956, 
10, 36.175, 90, 46.397, 
10, 36.2, 90, 46.413, 
10, 36.225, 90, 46.4153, 
10, 36.25, 90, 46.4174, 
10, 36.275, 90, 46.4428, 
10, 36.3, 90, 46.4446, 
10, 36.325, 90, 46.4459, 
10, 36.35, 90, 46.4671, 
10, 36.375, 90, 46.4667, 
10, 36.4, 90, 46.4657, 
10, 36.425, 90, 46.4735, 
10, 36.45, 90, 46.4708, 
10, 36.475, 90, 46.4679, 
10, 36.5, 90, 46.4647, 
10, 36.525, 90, 46.4674, 
10, 36.55, 90, 46.4646, 
10, 36.575, 90, 46.4621, 
10, 36.6, 90, 46.4752, 
10, 36.625, 90, 46.4743, 
10, 36.65, 90, 46.4873, 
10, 36.675, 90, 46.5127, 
10, 36.7, 90, 46.5151, 
10, 36.725, 90, 46.5177, 
10, 36.75, 90, 46.5395, 
10, 36.775, 90, 46.5414, 
10, 36.8, 90, 46.5433, 
10, 36.825, 90, 46.5531, 
10, 36.85, 90, 46.554, 
10, 36.875, 90, 46.5546, 
10, 36.9, 90, 46.5612, 
10, 36.925, 90, 46.5619, 
10, 36.95, 90, 46.5623, 
10, 36.975, 90, 46.5785, 
10, 37, 90, 46.5794, 
10, 37.025, 90, 46.58, 
10, 37.05, 90, 46.6038, 
10, 37.075, 90, 46.6039, 
10, 37.1, 90, 46.6036, 
10, 37.125, 90, 46.6207, 
10, 37.15, 90, 46.6187, 
10, 37.175, 90, 46.6165, 
10, 37.2, 90, 46.6213, 
10, 37.225, 90, 46.6182, 
10, 37.25, 90, 46.6152, 
10, 37.275, 90, 46.6194, 
10, 37.3, 90, 46.6175, 
10, 37.325, 90, 46.616, 
10, 37.35, 90, 46.6326, 
10, 37.375, 90, 46.633, 
10, 37.4, 90, 46.6339, 
10, 37.425, 90, 46.6584, 
10, 37.45, 90, 46.66, 
10, 37.475, 90, 46.6618, 
10, 37.5, 90, 46.6794, 
10, 37.525, 90, 46.6805, 
10, 37.55, 90, 46.6727, 
10, 37.575, 90, 46.6888, 
10, 37.6, 90, 46.6896, 
10, 37.625, 90, 46.6904, 
10, 37.65, 90, 46.6999, 
10, 37.675, 90, 46.7013, 
10, 37.7, 90, 46.7027, 
10, 37.725, 90, 46.7236, 
10, 37.75, 90, 46.7255, 
10, 37.775, 90, 46.727, 
10, 37.8, 90, 46.7503, 
10, 37.825, 90, 46.7506, 
10, 37.85, 90, 46.7574, 
10, 37.875, 90, 46.7683, 
10, 37.9, 90, 46.7657, 
10, 37.925, 90, 46.7631, 
10, 37.95, 90, 46.766, 
10, 37.975, 90, 46.7636, 
10, 38, 90, 46.7617, 
10, 38.025, 90, 46.7601, 
10, 38.05, 90, 46.7718, 
10, 38.075, 90, 46.7723, 
10, 38.1, 90, 46.7732, 
10, 38.125, 90, 46.7967, 
10, 38.15, 90, 46.7988, 
10, 38.175, 90, 46.8011, 
10, 38.2, 90, 46.8224, 
10, 38.225, 90, 46.8241, 
10, 38.25, 90, 46.8257, 
10, 38.275, 90, 46.8352, 
10, 38.3, 90, 46.8359, 
10, 38.325, 90, 46.8364, 
10, 38.35, 90, 46.8435, 
10, 38.375, 90, 46.8442, 
10, 38.4, 90, 46.8449, 
10, 38.425, 90, 46.8623, 
10, 38.45, 90, 46.8635, 
10, 38.475, 90, 46.8645, 
10, 38.5, 90, 46.8874, 
10, 38.525, 90, 46.8876, 
10, 38.55, 90, 46.8873, 
10, 38.575, 90, 46.9009, 
10, 38.6, 90, 46.8989, 
10, 38.625, 90, 46.8966, 
10, 38.65, 90, 46.8997, 
10, 38.675, 90, 46.897, 
10, 38.7, 90, 46.8943, 
10, 38.725, 90, 46.9022, 
10, 38.75, 90, 46.901, 
10, 38.775, 90, 46.9001, 
10, 38.8, 90, 46.9204, 
10, 38.825, 90, 46.9209, 
10, 38.85, 90, 46.9217, 
10, 38.875, 90, 46.9424, 
10, 38.9, 90, 46.943, 
10, 38.925, 90, 46.9438, 
10, 38.95, 90, 46.9536, 
10, 38.975, 90, 46.9537, 
10, 39, 90, 46.9541, 
10, 39.025, 90, 46.9545, 
10, 39.05, 90, 46.9619, 
10, 39.075, 90, 46.9631, 
10, 39.1, 90, 46.9645, 
10, 39.125, 90, 46.983, 
10, 39.15, 90, 46.9853, 
10, 39.175, 90, 46.9874, 
10, 39.2, 90, 47.011, 
10, 39.225, 90, 47.0124, 
10, 39.25, 90, 47.0132, 
10, 39.275, 90, 47.0264, 
10, 39.3, 90, 47.0331, 
10, 39.325, 90, 47.0307, 
10, 39.35, 90, 47.0336, 
10, 39.375, 90, 47.0311, 
10, 39.4, 90, 47.0288, 
10, 39.425, 90, 47.039, 
10, 39.45, 90, 47.0383, 
10, 39.475, 90, 47.0381, 
10, 39.5, 90, 47.0596, 
10, 39.525, 90, 47.0604, 
10, 39.55, 90, 47.0615, 
10, 39.575, 90, 47.08, 
10, 39.6, 90, 47.0805, 
10, 39.625, 90, 47.0812, 
10, 39.65, 90, 47.0888, 
10, 39.675, 90, 47.0891, 
10, 39.7, 90, 47.0895, 
10, 39.725, 90, 47.0984, 
10, 39.75, 90, 47.0998, 
10, 39.775, 90, 47.1014, 
10, 39.8, 90, 47.1219, 
10, 39.825, 90, 47.1162, 
10, 39.85, 90, 47.1263, 
10, 39.875, 90, 47.1282, 
10, 39.9, 90, 47.1489, 
10, 39.925, 90, 47.1494, 
10, 39.95, 90, 47.1493, 
10, 39.975, 90, 47.1575, 
10, 40, 90, 47.1557, 
10, 40.025, 90, 47.1537, 
10, 40.05, 90, 47.1583, 
10, 40.075, 90, 47.1565, 
10, 40.1, 90, 47.1548, 
10, 40.125, 90, 47.17, 
10, 40.15, 90, 47.1695, 
10, 40.175, 90, 47.169, 
10, 40.2, 90, 47.1894, 
10, 40.225, 90, 47.1888, 
10, 40.25, 90, 47.1883, 
10, 40.275, 90, 47.1992, 
10, 40.3, 90, 47.1978, 
10, 40.325, 90, 47.1967, 
10, 40.35, 90, 47.2015, 
10, 40.375, 90, 47.2012, 
10, 40.4, 90, 47.2012, 
10, 40.425, 90, 47.2158, 
10, 40.45, 90, 47.2176, 
10, 40.475, 90, 47.2197, 
10, 40.5, 90, 47.2431, 
10, 40.525, 90, 47.2454, 
10, 40.55, 90, 47.2476, 
10, 40.575, 90, 47.2497, 
10, 40.6, 90, 47.2639, 
10, 40.625, 90, 47.2644, 
10, 40.65, 90, 47.2645, 
10, 40.675, 90, 47.27, 
10, 40.7, 90, 47.2697, 
10, 40.725, 90, 47.2692, 
10, 40.75, 90, 47.2817, 
10, 40.775, 90, 47.282, 
10, 40.8, 90, 47.2821, 
10, 40.825, 90, 47.3029, 
10, 40.85, 90, 47.3028, 
10, 40.875, 90, 47.3024, 
10, 40.9, 90, 47.3158, 
10, 40.925, 90, 47.3139, 
10, 40.95, 90, 47.3118, 
10, 40.975, 90, 47.3154, 
10, 41, 90, 47.3132, 
10, 41.025, 90, 47.3111, 
10, 41.05, 90, 47.3212, 
10, 41.075, 90, 47.3209, 
10, 41.1, 90, 47.3209, 
10, 41.125, 90, 47.3419, 
10, 41.15, 90, 47.3429, 
10, 41.175, 90, 47.3441, 
10, 41.2, 90, 47.3455, 
10, 41.225, 90, 47.3609, 
10, 41.25, 90, 47.3818, 
10, 41.275, 90, 47.3823, 
10, 41.3, 90, 47.3883, 
10, 41.325, 90, 47.3883, 
10, 41.35, 90, 47.388, 
10, 41.375, 90, 47.3997, 
10, 41.4, 90, 47.4004, 
10, 41.425, 90, 47.4008, 
10, 41.45, 90, 47.4215, 
10, 41.475, 90, 47.4217, 
10, 41.5, 90, 47.4217, 
10, 41.525, 90, 47.4355, 
10, 41.55, 90, 47.4338, 
10, 41.575, 90, 47.4319, 
10, 41.6, 90, 47.4356, 
10, 41.625, 90, 47.4334, 
10, 41.65, 90, 47.4312, 
10, 41.675, 90, 47.4413, 
10, 41.7, 90, 47.4408, 
10, 41.725, 90, 47.4406, 
10, 41.75, 90, 47.4407, 
10, 41.775, 90, 47.4615, 
10, 41.8, 90, 47.4622, 
10, 41.825, 90, 47.463, 
10, 41.85, 90, 47.4767, 
10, 41.875, 90, 47.4767, 
10, 41.9, 90, 47.4767, 
10, 41.925, 90, 47.4827, 
10, 41.95, 90, 47.483, 
10, 41.975, 90, 47.4836, 
10, 42, 90, 47.4979, 
10, 42.025, 90, 47.4999, 
10, 42.05, 90, 47.502, 
10, 42.075, 90, 47.524, 
10, 42.1, 90, 47.5258, 
10, 42.125, 90, 47.5272, 
10, 42.15, 90, 47.5401, 
10, 42.175, 90, 47.5397, 
10, 42.2, 90, 47.5389, 
10, 42.225, 90, 47.5438, 
10, 42.25, 90, 47.5428, 
10, 42.275, 90, 47.5417, 
10, 42.3, 90, 47.5405, 
10, 42.325, 90, 47.555, 
10, 42.35, 90, 47.5548, 
10, 42.375, 90, 47.5546, 
10, 42.4, 90, 47.5735, 
10, 42.425, 90, 47.5727, 
10, 42.45, 90, 47.5717, 
10, 42.475, 90, 47.58, 
10, 42.5, 90, 47.578, 
10, 42.525, 90, 47.5762, 
10, 42.55, 90, 47.5816, 
10, 42.575, 90, 47.5809, 
10, 42.6, 90, 47.5806, 
10, 42.625, 90, 47.5978, 
10, 42.65, 90, 47.5992, 
10, 42.675, 90, 47.6007, 
10, 42.7, 90, 47.6203, 
10, 42.725, 90, 47.6213, 
10, 42.75, 90, 47.6223, 
10, 42.775, 90, 47.6233, 
10, 42.8, 90, 47.6311, 
10, 42.825, 90, 47.6312, 
10, 42.85, 90, 47.6314, 
10, 42.875, 90, 47.6412, 
10, 42.9, 90, 47.6356, 
10, 42.925, 90, 47.6436, 
10, 42.95, 90, 47.6638, 
10, 42.975, 90, 47.6653, 
10, 43, 90, 47.6664, 
10, 43.025, 90, 47.6816, 
10, 43.05, 90, 47.681, 
10, 43.075, 90, 47.6799, 
10, 43.1, 90, 47.6845, 
10, 43.125, 90, 47.6828, 
10, 43.15, 90, 47.681, 
10, 43.175, 90, 47.6792, 
10, 43.2, 90, 47.691, 
10, 43.225, 90, 47.6906, 
10, 43.25, 90, 47.6903, 
10, 43.275, 90, 47.7093, 
10, 43.3, 90, 47.709, 
10, 43.325, 90, 47.7086, 
10, 43.35, 90, 47.7184, 
10, 43.375, 90, 47.7171, 
10, 43.4, 90, 47.7159, 
10, 43.425, 90, 47.7216, 
10, 43.45, 90, 47.7215, 
10, 43.475, 90, 47.7217, 
10, 43.5, 90, 47.7389, 
10, 43.525, 90, 47.7407, 
10, 43.55, 90, 47.7427, 
10, 43.575, 90, 47.7619, 
10, 43.6, 90, 47.7631, 
10, 43.625, 90, 47.7641, 
10, 43.65, 90, 47.765, 
10, 43.675, 90, 47.7722, 
10, 43.7, 90, 47.7722, 
10, 43.725, 90, 47.772, 
10, 43.75, 90, 47.7825, 
10, 43.775, 90, 47.7834, 
10, 43.8, 90, 47.7843, 
10, 43.825, 90, 47.804, 
10, 43.85, 90, 47.8047, 
10, 43.875, 90, 47.8051, 
10, 43.9, 90, 47.8172, 
10, 43.925, 90, 47.8158, 
10, 43.95, 90, 47.8141, 
10, 43.975, 90, 47.8184, 
10, 44, 90, 47.8167, 
10, 44.025, 90, 47.8152, 
10, 44.05, 90, 47.8138, 
10, 44.075, 90, 47.8287, 
10, 44.1, 90, 47.8288, 
10, 44.125, 90, 47.8289, 
10, 44.15, 90, 47.8463, 
10, 44.175, 90, 47.8458, 
10, 44.2, 90, 47.8454, 
10, 44.225, 90, 47.8522, 
10, 44.25, 90, 47.8513, 
10, 44.275, 90, 47.8506, 
10, 44.3, 90, 47.8603, 
10, 44.325, 90, 47.8613, 
10, 44.35, 90, 47.8626, 
10, 44.375, 90, 47.8828, 
10, 44.4, 90, 47.8847, 
10, 44.425, 90, 47.8865, 
10, 44.45, 90, 47.8882, 
10, 44.475, 90, 47.9006, 
10, 44.5, 90, 47.9007, 
10, 44.525, 90, 47.9006, 
10, 44.55, 90, 47.907, 
10, 44.575, 90, 47.9071, 
10, 44.6, 90, 47.9072, 
10, 44.625, 90, 47.9236, 
10, 44.65, 90, 47.9245, 
10, 44.675, 90, 47.9253, 
10, 44.7, 90, 47.9419, 
10, 44.725, 90, 47.9412, 
10, 44.75, 90, 47.9402, 
10, 44.775, 90, 47.9389, 
10, 44.8, 90, 47.9436, 
10, 44.825, 90, 47.9417, 
10, 44.85, 90, 47.9399, 
10, 44.875, 90, 47.9507, 
10, 44.9, 90, 47.9504, 
10, 44.925, 90, 47.9504, 
10, 44.95, 90, 47.9688, 
10, 44.975, 90, 47.9688, 
10, 45, 90, 47.9627, 
10, 45.025, 90, 47.9688, 
10, 45.05, 90, 47.9688, 
10, 45.075, 90, 47.9504, 
10, 45.1, 90, 47.9504, 
10, 45.125, 90, 47.9507, 
10, 45.15, 90, 47.9399, 
10, 45.175, 90, 47.9417, 
10, 45.2, 90, 47.9436, 
10, 45.225, 90, 47.9389, 
10, 45.25, 90, 47.9402, 
10, 45.275, 90, 47.9412, 
10, 45.3, 90, 47.9419, 
10, 45.325, 90, 47.9253, 
10, 45.35, 90, 47.9245, 
10, 45.375, 90, 47.9236, 
10, 45.4, 90, 47.9072, 
10, 45.425, 90, 47.9071, 
10, 45.45, 90, 47.907, 
10, 45.475, 90, 47.9006, 
10, 45.5, 90, 47.9007, 
10, 45.525, 90, 47.9006, 
10, 45.55, 90, 47.8882, 
10, 45.575, 90, 47.8865, 
10, 45.6, 90, 47.8847, 
10, 45.625, 90, 47.8828, 
10, 45.65, 90, 47.8626, 
10, 45.675, 90, 47.8613, 
10, 45.7, 90, 47.8603, 
10, 45.725, 90, 47.8506, 
10, 45.75, 90, 47.8513, 
10, 45.775, 90, 47.8522, 
10, 45.8, 90, 47.8454, 
10, 45.825, 90, 47.8458, 
10, 45.85, 90, 47.8463, 
10, 45.875, 90, 47.8289, 
10, 45.9, 90, 47.8288, 
10, 45.925, 90, 47.8287, 
10, 45.95, 90, 47.8138, 
10, 45.975, 90, 47.8152, 
10, 46, 90, 47.8167, 
10, 46.025, 90, 47.8184, 
10, 46.05, 90, 47.8141, 
10, 46.075, 90, 47.8158, 
10, 46.1, 90, 47.8172, 
10, 46.125, 90, 47.8051, 
10, 46.15, 90, 47.8047, 
10, 46.175, 90, 47.804, 
10, 46.2, 90, 47.7843, 
10, 46.225, 90, 47.7834, 
10, 46.25, 90, 47.7825, 
10, 46.275, 90, 47.772, 
10, 46.3, 90, 47.7722, 
10, 46.325, 90, 47.7722, 
10, 46.35, 90, 47.765, 
10, 46.375, 90, 47.7641, 
10, 46.4, 90, 47.7631, 
10, 46.425, 90, 47.7619, 
10, 46.45, 90, 47.7427, 
10, 46.475, 90, 47.7407, 
10, 46.5, 90, 47.7389, 
10, 46.525, 90, 47.7217, 
10, 46.55, 90, 47.7215, 
10, 46.575, 90, 47.7216, 
10, 46.6, 90, 47.7159, 
10, 46.625, 90, 47.7171, 
10, 46.65, 90, 47.7184, 
10, 46.675, 90, 47.7086, 
10, 46.7, 90, 47.709, 
10, 46.725, 90, 47.7093, 
10, 46.75, 90, 47.6903, 
10, 46.775, 90, 47.6906, 
10, 46.8, 90, 47.691, 
10, 46.825, 90, 47.6792, 
10, 46.85, 90, 47.681, 
10, 46.875, 90, 47.6828, 
10, 46.9, 90, 47.6845, 
10, 46.925, 90, 47.6799, 
10, 46.95, 90, 47.6809, 
10, 46.975, 90, 47.6816, 
10, 47, 90, 47.6664, 
10, 47.025, 90, 47.6653, 
10, 47.05, 90, 47.6638, 
10, 47.075, 90, 47.6436, 
10, 47.1, 90, 47.6365, 
10, 47.125, 90, 47.6412, 
10, 47.15, 90, 47.6314, 
10, 47.175, 90, 47.6312, 
10, 47.2, 90, 47.6311, 
10, 47.225, 90, 47.6233, 
10, 47.25, 90, 47.6223, 
10, 47.275, 90, 47.6213, 
10, 47.3, 90, 47.6203, 
10, 47.325, 90, 47.6007, 
10, 47.35, 90, 47.5992, 
10, 47.375, 90, 47.5978, 
10, 47.4, 90, 47.5806, 
10, 47.425, 90, 47.5809, 
10, 47.45, 90, 47.5816, 
10, 47.475, 90, 47.5762, 
10, 47.5, 90, 47.578, 
10, 47.525, 90, 47.58, 
10, 47.55, 90, 47.5717, 
10, 47.575, 90, 47.5727, 
10, 47.6, 90, 47.5735, 
10, 47.625, 90, 47.5546, 
10, 47.65, 90, 47.5548, 
10, 47.675, 90, 47.555, 
10, 47.7, 90, 47.5405, 
10, 47.725, 90, 47.5417, 
10, 47.75, 90, 47.5428, 
10, 47.775, 90, 47.5438, 
10, 47.8, 90, 47.5389, 
10, 47.825, 90, 47.5397, 
10, 47.85, 90, 47.5401, 
10, 47.875, 90, 47.5272, 
10, 47.9, 90, 47.5258, 
10, 47.925, 90, 47.524, 
10, 47.95, 90, 47.502, 
10, 47.975, 90, 47.4999, 
10, 48, 90, 47.4979, 
10, 48.025, 90, 47.4836, 
10, 48.05, 90, 47.483, 
10, 48.075, 90, 47.4827, 
10, 48.1, 90, 47.4767, 
10, 48.125, 90, 47.4767, 
10, 48.15, 90, 47.4767, 
10, 48.175, 90, 47.463, 
10, 48.2, 90, 47.4622, 
10, 48.225, 90, 47.4615, 
10, 48.25, 90, 47.4407, 
10, 48.275, 90, 47.4406, 
10, 48.3, 90, 47.4408, 
10, 48.325, 90, 47.4413, 
10, 48.35, 90, 47.4312, 
10, 48.375, 90, 47.4334, 
10, 48.4, 90, 47.4356, 
10, 48.425, 90, 47.4319, 
10, 48.45, 90, 47.4338, 
10, 48.475, 90, 47.4355, 
10, 48.5, 90, 47.4217, 
10, 48.525, 90, 47.4217, 
10, 48.55, 90, 47.4215, 
10, 48.575, 90, 47.4008, 
10, 48.6, 90, 47.4004, 
10, 48.625, 90, 47.3997, 
10, 48.65, 90, 47.388, 
10, 48.675, 90, 47.3883, 
10, 48.7, 90, 47.3883, 
10, 48.725, 90, 47.3823, 
10, 48.75, 90, 47.3818, 
10, 48.775, 90, 47.3609, 
10, 48.8, 90, 47.3455, 
10, 48.825, 90, 47.3441, 
10, 48.85, 90, 47.3429, 
10, 48.875, 90, 47.3419, 
10, 48.9, 90, 47.321, 
10, 48.925, 90, 47.3209, 
10, 48.95, 90, 47.3212, 
10, 48.975, 90, 47.3111, 
10, 49, 90, 47.3132, 
10, 49.025, 90, 47.3154, 
10, 49.05, 90, 47.3118, 
10, 49.075, 90, 47.3139, 
10, 49.1, 90, 47.3158, 
10, 49.125, 90, 47.3024, 
10, 49.15, 90, 47.3028, 
10, 49.175, 90, 47.3029, 
10, 49.2, 90, 47.2821, 
10, 49.225, 90, 47.282, 
10, 49.25, 90, 47.2817, 
10, 49.275, 90, 47.2692, 
10, 49.3, 90, 47.2697, 
10, 49.325, 90, 47.27, 
10, 49.35, 90, 47.2645, 
10, 49.375, 90, 47.2644, 
10, 49.4, 90, 47.2639, 
10, 49.425, 90, 47.2497, 
10, 49.45, 90, 47.2476, 
10, 49.475, 90, 47.2454, 
10, 49.5, 90, 47.2431, 
10, 49.525, 90, 47.2197, 
10, 49.55, 90, 47.2176, 
10, 49.575, 90, 47.2158, 
10, 49.6, 90, 47.2012, 
10, 49.625, 90, 47.2012, 
10, 49.65, 90, 47.2015, 
10, 49.675, 90, 47.1967, 
10, 49.7, 90, 47.1978, 
10, 49.725, 90, 47.1992, 
10, 49.75, 90, 47.1883, 
10, 49.775, 90, 47.1888, 
10, 49.8, 90, 47.1894, 
10, 49.825, 90, 47.169, 
10, 49.85, 90, 47.1694, 
10, 49.875, 90, 47.17, 
10, 49.9, 90, 47.1548, 
10, 49.925, 90, 47.1565, 
10, 49.95, 90, 47.1583, 
10, 49.975, 90, 47.1537, 
10, 50, 90, 47.1557, 
10, 50.025, 90, 47.1575, 
10, 50.05, 90, 47.1493, 
10, 50.075, 90, 47.1494, 
10, 50.1, 90, 47.1489, 
10, 50.125, 90, 47.1282, 
10, 50.15, 90, 47.1263, 
10, 50.175, 90, 47.1163, 
10, 50.2, 90, 47.1219, 
10, 50.225, 90, 47.1014, 
10, 50.25, 90, 47.0998, 
10, 50.275, 90, 47.0984, 
10, 50.3, 90, 47.0895, 
10, 50.325, 90, 47.0891, 
10, 50.35, 90, 47.0888, 
10, 50.375, 90, 47.0812, 
10, 50.4, 90, 47.0805, 
10, 50.425, 90, 47.08, 
10, 50.45, 90, 47.0615, 
10, 50.475, 90, 47.0604, 
10, 50.5, 90, 47.0596, 
10, 50.525, 90, 47.0381, 
10, 50.55, 90, 47.0383, 
10, 50.575, 90, 47.0389, 
10, 50.6, 90, 47.0288, 
10, 50.625, 90, 47.0311, 
10, 50.65, 90, 47.0336, 
10, 50.675, 90, 47.0307, 
10, 50.7, 90, 47.0331, 
10, 50.725, 90, 47.0265, 
10, 50.75, 90, 47.0132, 
10, 50.775, 90, 47.0124, 
10, 50.8, 90, 47.011, 
10, 50.825, 90, 46.9874, 
10, 50.85, 90, 46.9853, 
10, 50.875, 90, 46.983, 
10, 50.9, 90, 46.9645, 
10, 50.925, 90, 46.9631, 
10, 50.95, 90, 46.9619, 
10, 50.975, 90, 46.9545, 
10, 51, 90, 46.9541, 
10, 51.025, 90, 46.9537, 
10, 51.05, 90, 46.9536, 
10, 51.075, 90, 46.9438, 
10, 51.1, 90, 46.943, 
10, 51.125, 90, 46.9424, 
10, 51.15, 90, 46.9217, 
10, 51.175, 90, 46.9209, 
10, 51.2, 90, 46.9204, 
10, 51.225, 90, 46.9001, 
10, 51.25, 90, 46.901, 
10, 51.275, 90, 46.9022, 
10, 51.3, 90, 46.8943, 
10, 51.325, 90, 46.897, 
10, 51.35, 90, 46.8997, 
10, 51.375, 90, 46.8966, 
10, 51.4, 90, 46.8989, 
10, 51.425, 90, 46.9009, 
10, 51.45, 90, 46.8873, 
10, 51.475, 90, 46.8876, 
10, 51.5, 90, 46.8874, 
10, 51.525, 90, 46.8645, 
10, 51.55, 90, 46.8635, 
10, 51.575, 90, 46.8623, 
10, 51.6, 90, 46.8449, 
10, 51.625, 90, 46.8442, 
10, 51.65, 90, 46.8435, 
10, 51.675, 90, 46.8364, 
10, 51.7, 90, 46.8359, 
10, 51.725, 90, 46.8352, 
10, 51.75, 90, 46.8257, 
10, 51.775, 90, 46.8241, 
10, 51.8, 90, 46.8224, 
10, 51.825, 90, 46.8011, 
10, 51.85, 90, 46.7988, 
10, 51.875, 90, 46.7967, 
10, 51.9, 90, 46.7732, 
10, 51.925, 90, 46.7723, 
10, 51.95, 90, 46.7718, 
10, 51.975, 90, 46.7601, 
10, 52, 90, 46.7617, 
10, 52.025, 90, 46.7636, 
10, 52.05, 90, 46.766, 
10, 52.075, 90, 46.7631, 
10, 52.1, 90, 46.7657, 
10, 52.125, 90, 46.7683, 
10, 52.15, 90, 46.7574, 
10, 52.175, 90, 46.7506, 
10, 52.2, 90, 46.7503, 
10, 52.225, 90, 46.727, 
10, 52.25, 90, 46.7255, 
10, 52.275, 90, 46.7236, 
10, 52.3, 90, 46.7027, 
10, 52.325, 90, 46.7013, 
10, 52.35, 90, 46.6999, 
10, 52.375, 90, 46.6904, 
10, 52.4, 90, 46.6896, 
10, 52.425, 90, 46.6888, 
10, 52.45, 90, 46.6727, 
10, 52.475, 90, 46.6805, 
10, 52.5, 90, 46.6794, 
10, 52.525, 90, 46.6618, 
10, 52.55, 90, 46.66, 
10, 52.575, 90, 46.6584, 
10, 52.6, 90, 46.6339, 
10, 52.625, 90, 46.633, 
10, 52.65, 90, 46.6326, 
10, 52.675, 90, 46.616, 
10, 52.7, 90, 46.6175, 
10, 52.725, 90, 46.6194, 
10, 52.75, 90, 46.6152, 
10, 52.775, 90, 46.6182, 
10, 52.8, 90, 46.6213, 
10, 52.825, 90, 46.6165, 
10, 52.85, 90, 46.6187, 
10, 52.875, 90, 46.6207, 
10, 52.9, 90, 46.6036, 
10, 52.925, 90, 46.6039, 
10, 52.95, 90, 46.6038, 
10, 52.975, 90, 46.5801, 
10, 53, 90, 46.5794, 
10, 53.025, 90, 46.5785, 
10, 53.05, 90, 46.5623, 
10, 53.075, 90, 46.5619, 
10, 53.1, 90, 46.5612, 
10, 53.125, 90, 46.5546, 
10, 53.15, 90, 46.554, 
10, 53.175, 90, 46.5531, 
10, 53.2, 90, 46.5433, 
10, 53.225, 90, 46.5414, 
10, 53.25, 90, 46.5395, 
10, 53.275, 90, 46.5177, 
10, 53.3, 90, 46.5151, 
10, 53.325, 90, 46.5127, 
10, 53.35, 90, 46.4873, 
10, 53.375, 90, 46.4743, 
10, 53.4, 90, 46.4752, 
10, 53.425, 90, 46.4621, 
10, 53.45, 90, 46.4646, 
10, 53.475, 90, 46.4674, 
10, 53.5, 90, 46.4647, 
10, 53.525, 90, 46.4679, 
10, 53.55, 90, 46.4708, 
10, 53.575, 90, 46.4735, 
10, 53.6, 90, 46.4657, 
10, 53.625, 90, 46.4667, 
10, 53.65, 90, 46.4671, 
10, 53.675, 90, 46.4459, 
10, 53.7, 90, 46.4446, 
10, 53.725, 90, 46.4428, 
10, 53.75, 90, 46.4174, 
10, 53.775, 90, 46.4153, 
10, 53.8, 90, 46.413, 
10, 53.825, 90, 46.397, 
10, 53.85, 90, 46.3956, 
10, 53.875, 90, 46.3942, 
10, 53.9, 90, 46.3876, 
10, 53.925, 90, 46.3866, 
10, 53.95, 90, 46.3859, 
10, 53.975, 90, 46.3756, 
10, 54, 90, 46.3744, 
10, 54.025, 90, 46.3734, 
10, 54.05, 90, 46.352, 
10, 54.075, 90, 46.3508, 
10, 54.1, 90, 46.35, 
10, 54.125, 90, 46.3257, 
10, 54.15, 90, 46.3261, 
10, 54.175, 90, 46.3269, 
10, 54.2, 90, 46.3133, 
10, 54.225, 90, 46.3159, 
10, 54.25, 90, 46.3187, 
10, 54.275, 90, 46.3161, 
10, 54.3, 90, 46.3194, 
10, 54.325, 90, 46.3226, 
10, 54.35, 90, 46.3172, 
10, 54.375, 90, 46.3191, 
10, 54.4, 90, 46.3204, 
10, 54.425, 90, 46.2851, 
10, 54.45, 90, 46.2826, 
10, 54.475, 90, 46.2797, 
10, 54.5, 90, 46.2519, 
10, 54.525, 90, 46.2487, 
10, 54.55, 90, 46.2455, 
10, 54.575, 90, 46.2251, 
10, 54.6, 90, 46.2233, 
10, 54.625, 90, 46.2217, 
10, 54.65, 90, 46.2138, 
10, 54.675, 90, 46.2136, 
10, 54.7, 90, 46.2139, 
10, 54.725, 90, 46.2079, 
10, 54.75, 90, 46.2084, 
10, 54.775, 90, 46.2094, 
10, 54.8, 90, 46.1935, 
10, 54.825, 90, 46.194, 
10, 54.85, 90, 46.1948, 
10, 54.875, 90, 46.1709, 
10, 54.9, 90, 46.172, 
10, 54.925, 90, 46.1732, 
10, 54.95, 90, 46.1542, 
10, 54.975, 90, 46.1564, 
10, 55, 90, 46.1586, 
10, 55.025, 90, 46.1515, 
10, 55.05, 90, 46.1542, 
10, 55.075, 90, 46.1565, 
10, 55.1, 90, 46.1533, 
10, 55.125, 90, 46.1545, 
10, 55.15, 90, 46.1552, 
10, 55.175, 90, 46.1419, 
10, 55.2, 90, 46.1404, 
10, 55.225, 90, 46.1384, 
10, 55.25, 90, 46.1122, 
10, 55.275, 90, 46.1089, 
10, 55.3, 90, 46.1053, 
10, 55.325, 90, 46.0779, 
10, 55.35, 90, 46.0514, 
10, 55.375, 90, 46.05, 
10, 55.4, 90, 46.0358, 
10, 55.425, 90, 46.0365, 
10, 55.45, 90, 46.0379, 
10, 55.475, 90, 46.0347, 
10, 55.5, 90, 46.0373, 
10, 55.525, 90, 46.0403, 
10, 55.55, 90, 46.0344, 
10, 55.575, 90, 46.037, 
10, 55.6, 90, 46.0396, 
10, 55.625, 90, 46.0217, 
10, 55.65, 90, 46.0231, 
10, 55.675, 90, 46.0243, 
10, 55.7, 90, 45.9994, 
10, 55.725, 90, 46.0001, 
10, 55.75, 90, 46.0003, 
10, 55.775, 90, 45.9813, 
10, 55.8, 90, 45.9817, 
10, 55.825, 90, 45.9817, 
10, 55.85, 90, 45.9734, 
10, 55.875, 90, 45.9734, 
10, 55.9, 90, 45.9729, 
10, 55.925, 90, 45.9665, 
10, 55.95, 90, 45.965, 
10, 55.975, 90, 45.9633, 
10, 56, 90, 45.9467, 
10, 56.025, 90, 45.9437, 
10, 56.05, 90, 45.9406, 
10, 56.075, 90, 45.913, 
10, 56.1, 90, 45.9098, 
10, 56.125, 90, 45.907, 
10, 56.15, 90, 45.8804, 
10, 56.175, 90, 45.8792, 
10, 56.2, 90, 45.8787, 
10, 56.225, 90, 45.8564, 
10, 56.25, 90, 45.8597, 
10, 56.275, 90, 45.8631, 
10, 56.3, 90, 45.8614, 
10, 56.325, 90, 45.8652, 
10, 56.35, 90, 45.8688, 
10, 56.375, 90, 45.8639, 
10, 56.4, 90, 45.866, 
10, 56.425, 90, 45.8675, 
10, 56.45, 90, 45.8491, 
10, 56.475, 90, 45.8484, 
10, 56.5, 90, 45.8471, 
10, 56.525, 90, 45.8187, 
10, 56.55, 90, 45.8161, 
10, 56.575, 90, 45.8131, 
10, 56.6, 90, 45.7881, 
10, 56.625, 90, 45.7853, 
10, 56.65, 90, 45.7826, 
10, 56.675, 90, 45.7695, 
10, 56.7, 90, 45.7678, 
10, 56.725, 90, 45.7663, 
10, 56.75, 90, 45.7603, 
10, 56.775, 90, 45.7595, 
10, 56.8, 90, 45.759, 
10, 56.825, 90, 45.7478, 
10, 56.85, 90, 45.7473, 
10, 56.875, 90, 45.7473, 
10, 56.9, 90, 45.7252, 
10, 56.925, 90, 45.7253, 
10, 56.95, 90, 45.7259, 
10, 56.975, 90, 45.6999, 
10, 57, 90, 45.7014, 
10, 57.025, 90, 45.6982, 
10, 57.05, 90, 45.68, 
10, 57.075, 90, 45.6819, 
10, 57.1, 90, 45.6835, 
10, 57.125, 90, 45.6763, 
10, 57.15, 90, 45.6776, 
10, 57.175, 90, 45.6784, 
10, 57.2, 90, 45.6735, 
10, 57.225, 90, 45.673, 
10, 57.25, 90, 45.6718, 
10, 57.275, 90, 45.657, 
10, 57.3, 90, 45.654, 
10, 57.325, 90, 45.6508, 
10, 57.35, 90, 45.623, 
10, 57.375, 90, 45.6189, 
10, 57.4, 90, 45.6149, 
10, 57.425, 90, 45.5843, 
10, 57.45, 90, 45.5813, 
10, 57.475, 90, 45.5789, 
10, 57.5, 90, 45.5588, 
10, 57.525, 90, 45.5587, 
10, 57.55, 90, 45.5594, 
10, 57.575, 90, 45.5533, 
10, 57.6, 90, 45.556, 
10, 57.625, 90, 45.5592, 
10, 57.65, 90, 45.5576, 
10, 57.675, 90, 45.5612, 
10, 57.7, 90, 45.565, 
10, 57.725, 90, 45.5547, 
10, 57.75, 90, 45.5574, 
10, 57.775, 90, 45.5512, 
10, 57.8, 90, 45.5263, 
10, 57.825, 90, 45.5251, 
10, 57.85, 90, 45.5233, 
10, 57.875, 90, 45.4936, 
10, 57.9, 90, 45.4909, 
10, 57.925, 90, 45.4878, 
10, 57.95, 90, 45.4658, 
10, 57.975, 90, 45.4632, 
10, 58, 90, 45.4605, 
10, 58.025, 90, 45.4503, 
10, 58.05, 90, 45.4485, 
10, 58.075, 90, 45.4469, 
10, 58.1, 90, 45.4405, 
10, 58.125, 90, 45.4395, 
10, 58.15, 90, 45.4389, 
10, 58.175, 90, 45.4251, 
10, 58.2, 90, 45.4246, 
10, 58.225, 90, 45.4246, 
10, 58.25, 90, 45.4003, 
10, 58.275, 90, 45.4007, 
10, 58.3, 90, 45.4016, 
10, 58.325, 90, 45.3749, 
10, 58.35, 90, 45.3769, 
10, 58.375, 90, 45.3791, 
10, 58.4, 90, 45.3615, 
10, 58.425, 90, 45.3648, 
10, 58.45, 90, 45.3681, 
10, 58.475, 90, 45.3625, 
10, 58.5, 90, 45.3524, 
10, 58.525, 90, 45.3483, 
10, 58.55, 90, 45.3481, 
10, 58.575, 90, 45.3472, 
10, 58.6, 90, 45.3348, 
10, 58.625, 90, 45.332, 
10, 58.65, 90, 45.3289, 
10, 58.675, 90, 45.3028, 
10, 58.7, 90, 45.2984, 
10, 58.725, 90, 45.2941, 
10, 58.75, 90, 45.261, 
10, 58.775, 90, 45.2572, 
10, 58.8, 90, 45.254, 
10, 58.825, 90, 45.2274, 
10, 58.85, 90, 45.2264, 
10, 58.875, 90, 45.2261, 
10, 58.9, 90, 45.2144, 
10, 58.925, 90, 45.2167, 
10, 58.95, 90, 45.2196, 
10, 58.975, 90, 45.2185, 
10, 59, 90, 45.2227, 
10, 59.025, 90, 45.2273, 
10, 59.05, 90, 45.2238, 
10, 59.075, 90, 45.2278, 
10, 59.1, 90, 45.2315, 
10, 59.125, 90, 45.2156, 
10, 59.15, 90, 45.2175, 
10, 59.175, 90, 45.2045, 
10, 59.2, 90, 45.1742, 
10, 59.225, 90, 45.1712, 
10, 59.25, 90, 45.1677, 
10, 59.275, 90, 45.1363, 
10, 59.3, 90, 45.1324, 
10, 59.325, 90, 45.1283, 
10, 59.35, 90, 45.1072, 
10, 59.375, 90, 45.1042, 
10, 59.4, 90, 45.1014, 
10, 59.425, 90, 45.0926, 
10, 59.45, 90, 45.0913, 
10, 59.475, 90, 45.0907, 
10, 59.5, 90, 45.0853, 
10, 59.525, 90, 45.0857, 
10, 59.55, 90, 45.0867, 
10, 59.575, 90, 45.0741, 
10, 59.6, 90, 45.0755, 
10, 59.625, 90, 45.0774, 
10, 59.65, 90, 45.054, 
10, 59.675, 90, 45.056, 
10, 59.7, 90, 45.0583, 
10, 59.725, 90, 45.0309, 
10, 59.75, 90, 45.0334, 
10, 59.775, 90, 45.0358, 
10, 59.8, 90, 45.0043, 
10, 59.825, 90, 45.0045, 
10, 59.85, 90, 45.004, 
10, 59.875, 90, 44.9916, 
10, 59.9, 90, 44.9907, 
10, 59.925, 90, 44.9892, 
10, 59.95, 90, 44.9828, 
10, 59.975, 90, 44.9807, 
10, 60, 90, 44.9782, 
10, 60.025, 90, 44.9674, 
10, 60.05, 90, 44.9641, 
10, 60.075, 90, 44.9611, 
10, 60.1, 90, 44.9386, 
10, 60.125, 90, 44.9353, 
10, 60.15, 90, 44.9326, 
10, 60.175, 90, 44.9012, 
10, 60.2, 90, 44.8995, 
10, 60.225, 90, 44.869, 
10, 60.25, 90, 44.8693, 
10, 60.275, 90, 44.8703, 
10, 60.3, 90, 44.8519, 
10, 60.325, 90, 44.8553, 
10, 60.35, 90, 44.8593, 
10, 60.375, 90, 44.8548, 
10, 60.4, 90, 44.86, 
10, 60.425, 90, 44.858, 
10, 60.45, 90, 44.8566, 
10, 60.475, 90, 44.8588, 
10, 60.5, 90, 44.86, 
10, 60.525, 90, 44.85, 
10, 60.55, 90, 44.8487, 
10, 60.575, 90, 44.8466, 
10, 60.6, 90, 44.8214, 
10, 60.625, 90, 44.817, 
10, 60.65, 90, 44.8122, 
10, 60.675, 90, 44.7766, 
10, 60.7, 90, 44.7669, 
10, 60.725, 90, 44.7658, 
10, 60.75, 90, 44.7321, 
10, 60.775, 90, 44.7282, 
10, 60.8, 90, 44.7251, 
10, 60.825, 90, 44.7045, 
10, 60.85, 90, 44.7041, 
10, 60.875, 90, 44.7046, 
10, 60.9, 90, 44.6988, 
10, 60.925, 90, 44.7018, 
10, 60.95, 90, 44.7056, 
10, 60.975, 90, 44.7056, 
10, 61, 90, 44.7104, 
10, 61.025, 90, 44.7112, 
10, 61.05, 90, 44.7037, 
10, 61.075, 90, 44.7067, 
10, 61.1, 90, 44.709, 
10, 61.125, 90, 44.6865, 
10, 61.15, 90, 44.6861, 
10, 61.175, 90, 44.6847, 
10, 61.2, 90, 44.651, 
10, 61.225, 90, 44.6476, 
10, 61.25, 90, 44.6435, 
10, 61.275, 90, 44.61, 
10, 61.3, 90, 44.6054, 
10, 61.325, 90, 44.6006, 
10, 61.35, 90, 44.5778, 
10, 61.375, 90, 44.574, 
10, 61.4, 90, 44.5705, 
10, 61.425, 90, 44.5604, 
10, 61.45, 90, 44.5588, 
10, 61.475, 90, 44.5536, 
10, 61.5, 90, 44.5533, 
10, 61.525, 90, 44.554, 
10, 61.55, 90, 44.5445, 
10, 61.575, 90, 44.546, 
10, 61.6, 90, 44.5417, 
10, 61.625, 90, 44.5231, 
10, 61.65, 90, 44.5267, 
10, 61.675, 90, 44.53, 
10, 61.7, 90, 44.5014, 
10, 61.725, 90, 44.5035, 
10, 61.75, 90, 44.5049, 
10, 61.775, 90, 44.4751, 
10, 61.8, 90, 44.4754, 
10, 61.825, 90, 44.4748, 
10, 61.85, 90, 44.4527, 
10, 61.875, 90, 44.4513, 
10, 61.9, 90, 44.4491, 
10, 61.925, 90, 44.4372, 
10, 61.95, 90, 44.4346, 
10, 61.975, 90, 44.4316, 
10, 62, 90, 44.4243, 
10, 62.025, 90, 44.421, 
10, 62.05, 90, 44.4179, 
10, 62.075, 90, 44.4058, 
10, 62.1, 90, 44.4028, 
10, 62.125, 90, 44.4004, 
10, 62.15, 90, 44.3594, 
10, 62.175, 90, 44.3607, 
10, 62.2, 90, 44.3628, 
10, 62.225, 90, 44.3345, 
10, 62.25, 90, 44.3372, 
10, 62.275, 90, 44.3403, 
10, 62.3, 90, 44.3111, 
10, 62.325, 90, 44.3147, 
10, 62.35, 90, 44.318, 
10, 62.375, 90, 44.2966, 
10, 62.4, 90, 44.2999, 
10, 62.425, 90, 44.3025, 
10, 62.45, 90, 44.292, 
10, 62.475, 90, 44.2938, 
10, 62.5, 90, 44.2897, 
10, 62.525, 90, 44.2899, 
10, 62.55, 90, 44.2891, 
10, 62.575, 90, 44.2816, 
10, 62.6, 90, 44.2788, 
10, 62.625, 90, 44.2752, 
10, 62.65, 90, 44.2559, 
10, 62.675, 90, 44.2508, 
10, 62.7, 90, 44.2148, 
10, 62.725, 90, 44.1845, 
10, 62.75, 90, 44.1818, 
10, 62.775, 90, 44.1801, 
10, 62.8, 90, 44.1455, 
10, 62.825, 90, 44.1457, 
10, 62.85, 90, 44.1469, 
10, 62.875, 90, 44.1185, 
10, 62.9, 90, 44.1219, 
10, 62.925, 90, 44.126, 
10, 62.95, 90, 44.1109, 
10, 62.975, 90, 44.1165, 
10, 63, 90, 44.122, 
10, 63.025, 90, 44.119, 
10, 63.05, 90, 44.1244, 
10, 63.075, 90, 44.129, 
10, 63.1, 90, 44.1288, 
10, 63.125, 90, 44.1314, 
10, 63.15, 90, 44.1329, 
10, 63.175, 90, 44.1239, 
10, 63.2, 90, 44.1224, 
10, 63.225, 90, 44.0875, 
10, 63.25, 90, 44.0616, 
10, 63.275, 90, 44.0557, 
10, 63.3, 90, 44.05, 
10, 63.325, 90, 44.0129, 
10, 63.35, 90, 44.0075, 
10, 63.375, 90, 44.003, 
10, 63.4, 90, 43.9648, 
10, 63.425, 90, 43.9624, 
10, 63.45, 90, 43.9326, 
10, 63.475, 90, 43.9334, 
10, 63.5, 90, 43.9355, 
10, 63.525, 90, 43.9218, 
10, 63.55, 90, 43.9269, 
10, 63.575, 90, 43.9326, 
10, 63.6, 90, 43.9324, 
10, 63.625, 90, 43.9393, 
10, 63.65, 90, 43.9462, 
10, 63.675, 90, 43.9487, 
10, 63.7, 90, 43.9545, 
10, 63.725, 90, 43.9447, 
10, 63.75, 90, 43.9343, 
10, 63.775, 90, 43.933, 
10, 63.8, 90, 43.9305, 
10, 63.825, 90, 43.9037, 
10, 63.85, 90, 43.8984, 
10, 63.875, 90, 43.8923, 
10, 63.9, 90, 43.8526, 
10, 63.925, 90, 43.8455, 
10, 63.95, 90, 43.8384, 
10, 63.975, 90, 43.7965, 
10, 64, 90, 43.7907, 
10, 64.025, 90, 43.7858, 
10, 64.05, 90, 43.754, 
10, 64.075, 90, 43.7522, 
10, 64.1, 90, 43.7518, 
10, 64.125, 90, 43.737, 
10, 64.15, 90, 43.7402, 
10, 64.175, 90, 43.7445, 
10, 64.2, 90, 43.744, 
10, 64.225, 90, 43.7468, 
10, 64.25, 90, 43.7539, 
10, 64.275, 90, 43.7563, 
10, 64.3, 90, 43.762, 
10, 64.325, 90, 43.7558, 
10, 64.35, 90, 43.7585, 
10, 64.375, 90, 43.76, 
10, 64.4, 90, 43.7373, 
10, 64.425, 90, 43.7351, 
10, 64.45, 90, 43.7317, 
10, 64.475, 90, 43.6938, 
10, 64.5, 90, 43.6876, 
10, 64.525, 90, 43.6807, 
10, 64.55, 90, 43.6369, 
10, 64.575, 90, 43.6294, 
10, 64.6, 90, 43.622, 
10, 64.625, 90, 43.5846, 
10, 64.65, 90, 43.5791, 
10, 64.675, 90, 43.5746, 
10, 64.7, 90, 43.5527, 
10, 64.725, 90, 43.5332, 
10, 64.75, 90, 43.5371, 
10, 64.775, 90, 43.5346, 
10, 64.8, 90, 43.5412, 
10, 64.825, 90, 43.5485, 
10, 64.85, 90, 43.5525, 
10, 64.875, 90, 43.5602, 
10, 64.9, 90, 43.5678, 
10, 64.925, 90, 43.5657, 
10, 64.95, 90, 43.5713, 
10, 64.975, 90, 43.5758, 
10, 65, 90, 43.5585, 
10, 65.025, 90, 43.5595, 
10, 65.05, 90, 43.559, 
10, 65.075, 90, 43.5252, 
10, 65.1, 90, 43.5212, 
10, 65.125, 90, 43.4787, 
10, 65.15, 90, 43.4722, 
10, 65.175, 90, 43.4649, 
10, 65.2, 90, 43.385, 
10, 65.225, 90, 43.3783, 
10, 65.25, 90, 43.3725, 
10, 65.275, 90, 43.3436, 
10, 65.3, 90, 43.3413, 
10, 65.325, 90, 43.3403, 
10, 65.35, 90, 43.3291, 
10, 65.375, 90, 43.332, 
10, 65.4, 90, 43.3364, 
10, 65.425, 90, 43.3378, 
10, 65.45, 90, 43.3448, 
10, 65.475, 90, 43.3525, 
10, 65.5, 90, 43.3554, 
10, 65.525, 90, 43.3633, 
10, 65.55, 90, 43.371, 
10, 65.575, 90, 43.3638, 
10, 65.6, 90, 43.3693, 
10, 65.625, 90, 43.3737, 
10, 65.65, 90, 43.3305, 
10, 65.675, 90, 43.3275, 
10, 65.7, 90, 43.323, 
10, 65.725, 90, 43.281, 
10, 65.75, 90, 43.2738, 
10, 65.775, 90, 43.2657, 
10, 65.8, 90, 43.219, 
10, 65.825, 90, 43.2106, 
10, 65.85, 90, 43.1701, 
10, 65.875, 90, 43.1632, 
10, 65.9, 90, 43.1573, 
10, 65.925, 90, 43.1321, 
10, 65.95, 90, 43.1298, 
10, 65.975, 90, 43.129, 
10, 66, 90, 43.1209, 
10, 66.025, 90, 43.1241, 
10, 66.05, 90, 43.1289, 
10, 66.075, 90, 43.1314, 
10, 66.1, 90, 43.1346, 
10, 66.125, 90, 43.1434, 
10, 66.15, 90, 43.1448, 
10, 66.175, 90, 43.152, 
10, 66.2, 90, 43.1581, 
10, 66.225, 90, 43.1458, 
10, 66.25, 90, 43.1483, 
10, 66.275, 90, 43.1491, 
10, 66.3, 90, 43.1189, 
10, 66.325, 90, 43.1156, 
10, 66.35, 90, 43.1108, 
10, 66.375, 90, 43.0665, 
10, 66.4, 90, 43.0588, 
10, 66.425, 90, 43.0503, 
10, 66.45, 90, 43.0023, 
10, 66.475, 90, 42.9933, 
10, 66.5, 90, 42.9847, 
10, 66.525, 90, 42.945, 
10, 66.55, 90, 42.9085, 
10, 66.575, 90, 42.9073, 
10, 66.6, 90, 42.8886, 
10, 66.625, 90, 42.8919, 
10, 66.65, 90, 42.888, 
10, 66.675, 90, 42.8949, 
10, 66.7, 90, 42.9031, 
10, 66.725, 90, 42.9084, 
10, 66.75, 90, 42.9178, 
10, 66.775, 90, 42.9271, 
10, 66.8, 90, 42.9294, 
10, 66.825, 90, 42.9372, 
10, 66.85, 90, 42.9438, 
10, 66.875, 90, 42.9323, 
10, 66.9, 90, 42.9351, 
10, 66.925, 90, 42.9361, 
10, 66.95, 90, 42.9063, 
10, 66.975, 90, 42.8692, 
10, 67, 90, 42.8613, 
10, 67.025, 90, 42.8138, 
10, 67.05, 90, 42.8042, 
10, 67.075, 90, 42.7946, 
10, 67.1, 90, 42.7444, 
10, 67.125, 90, 42.7361, 
10, 67.15, 90, 42.7289, 
10, 67.175, 90, 42.6884, 
10, 67.2, 90, 42.6851, 
10, 67.225, 90, 42.6836, 
10, 67.25, 90, 42.6612, 
10, 67.275, 90, 42.6644, 
10, 67.3, 90, 42.6578, 
10, 67.325, 90, 42.6652, 
10, 67.35, 90, 42.6737, 
10, 67.375, 90, 42.6789, 
10, 67.4, 90, 42.6848, 
10, 67.425, 90, 42.6933, 
10, 67.45, 90, 42.6958, 
10, 67.475, 90, 42.701, 
10, 67.5, 90, 42.7046, 
10, 67.525, 90, 42.6936, 
10, 67.55, 90, 42.6926, 
10, 67.575, 90, 42.6897, 
10, 67.6, 90, 42.6602, 
10, 67.625, 90, 42.6532, 
10, 67.65, 90, 42.6451, 
10, 67.675, 90, 42.5997, 
10, 67.7, 90, 42.5897, 
10, 67.725, 90, 42.5796, 
10, 67.75, 90, 42.5277, 
10, 67.775, 90, 42.5188, 
10, 67.8, 90, 42.5111, 
10, 67.825, 90, 42.4391, 
10, 67.85, 90, 42.4397, 
10, 67.875, 90, 42.4423, 
10, 67.9, 90, 42.416, 
10, 67.925, 90, 42.4227, 
10, 67.95, 90, 42.4305, 
10, 67.975, 90, 42.4213, 
10, 68, 90, 42.4311, 
10, 68.025, 90, 42.4329, 
10, 68.05, 90, 42.4426, 
10, 68.075, 90, 42.4513, 
10, 68.1, 90, 42.4553, 
10, 68.125, 90, 42.461, 
10, 68.15, 90, 42.4648, 
10, 68.175, 90, 42.4601, 
10, 68.2, 90, 42.4593, 
10, 68.225, 90, 42.4567, 
10, 68.25, 90, 42.3953, 
10, 68.275, 90, 42.3866, 
10, 68.3, 90, 42.3776, 
10, 68.325, 90, 42.3396, 
10, 68.35, 90, 42.3305, 
10, 68.375, 90, 42.3225, 
10, 68.4, 90, 42.276, 
10, 68.425, 90, 42.2706, 
10, 68.45, 90, 42.267, 
10, 68.475, 90, 42.2214, 
10, 68.5, 90, 42.222, 
10, 68.525, 90, 42.2246, 
10, 68.55, 90, 42.1886, 
10, 68.575, 90, 42.1951, 
10, 68.6, 90, 42.2027, 
10, 68.625, 90, 42.1809, 
10, 68.65, 90, 42.1854, 
10, 68.675, 90, 42.174, 
10, 68.7, 90, 42.1802, 
10, 68.725, 90, 42.1845, 
10, 68.75, 90, 42.1792, 
10, 68.775, 90, 42.18, 
10, 68.8, 90, 42.1787, 
10, 68.825, 90, 42.1723, 
10, 68.85, 90, 42.1675, 
10, 68.875, 90, 42.1612, 
10, 68.9, 90, 42.1475, 
10, 68.925, 90, 42.1391, 
10, 68.95, 90, 42.1306, 
10, 68.975, 90, 42.1065, 
10, 69, 90, 42.0983, 
10, 69.025, 90, 42.0915, 
10, 69.05, 90, 42.0288, 
10, 69.075, 90, 42.0293, 
10, 69.1, 90, 42.032, 
10, 69.125, 90, 41.9964, 
10, 69.15, 90, 42.0021, 
10, 69.175, 90, 42.0091, 
10, 69.2, 90, 41.9714, 
10, 69.225, 90, 41.9796, 
10, 69.25, 90, 41.9877, 
10, 69.275, 90, 41.952, 
10, 69.3, 90, 41.959, 
10, 69.325, 90, 41.9644, 
10, 69.35, 90, 41.9338, 
10, 69.375, 90, 41.9362, 
10, 69.4, 90, 41.9137, 
10, 69.425, 90, 41.9125, 
10, 69.45, 90, 41.8697, 
10, 69.475, 90, 41.8501, 
10, 69.5, 90, 41.8415, 
10, 69.525, 90, 41.8325, 
10, 69.55, 90, 41.8199, 
10, 69.575, 90, 41.8122, 
10, 69.6, 90, 41.8058, 
10, 69.625, 90, 41.7969, 
10, 69.65, 90, 41.794, 
10, 69.675, 90, 41.7932, 
10, 69.7, 90, 41.7834, 
10, 69.725, 90, 41.7867, 
10, 69.75, 90, 41.7923, 
10, 69.775, 90, 41.7764, 
10, 69.8, 90, 41.7848, 
10, 69.825, 90, 41.7913, 
10, 69.85, 90, 41.7655, 
10, 69.875, 90, 41.7739, 
10, 69.9, 90, 41.7808, 
10, 69.925, 90, 41.7412, 
10, 69.95, 90, 41.7436, 
10, 69.975, 90, 41.7437, 
10, 70, 90, 41.6939, 
10, 70.025, 90, 41.689, 
10, 70.05, 90, 41.6386, 
10, 70.075, 90, 41.6297, 
10, 70.1, 90, 41.6191, 
10, 70.125, 90, 41.5743, 
10, 70.15, 90, 41.5627, 
10, 70.175, 90, 41.5509, 
10, 70.2, 90, 41.5195, 
10, 70.225, 90, 41.4699, 
10, 70.25, 90, 41.4667, 
10, 70.275, 90, 41.4572, 
10, 70.3, 90, 41.4602, 
10, 70.325, 90, 41.4659, 
10, 70.35, 90, 41.4709, 
10, 70.375, 90, 41.4814, 
10, 70.4, 90, 41.4936, 
10, 70.425, 90, 41.5022, 
10, 70.45, 90, 41.5157, 
10, 70.475, 90, 41.5292, 
10, 70.5, 90, 41.5291, 
10, 70.525, 90, 41.5399, 
10, 70.55, 90, 41.5487, 
10, 70.575, 90, 41.5306, 
10, 70.6, 90, 41.5071, 
10, 70.625, 90, 41.5024, 
10, 70.65, 90, 41.458, 
10, 70.675, 90, 41.4477, 
10, 70.7, 90, 41.3898, 
10, 70.725, 90, 41.376, 
10, 70.75, 90, 41.3616, 
10, 70.775, 90, 41.2975, 
10, 70.8, 90, 41.2839, 
10, 70.825, 90, 41.2716, 
10, 70.85, 90, 41.2148, 
10, 70.875, 90, 41.2073, 
10, 70.9, 90, 41.2026, 
10, 70.925, 90, 41.1642, 
10, 70.95, 90, 41.1522, 
10, 70.975, 90, 41.1617, 
10, 71, 90, 41.1492, 
10, 71.025, 90, 41.1624, 
10, 71.05, 90, 41.1761, 
10, 71.075, 90, 41.1779, 
10, 71.1, 90, 41.1912, 
10, 71.125, 90, 41.2029, 
10, 71.15, 90, 41.2083, 
10, 71.175, 90, 41.2157, 
10, 71.2, 90, 41.2203, 
10, 71.225, 90, 41.2188, 
10, 71.25, 90, 41.2173, 
10, 71.275, 90, 41.2131, 
10, 71.3, 90, 41.1973, 
10, 71.325, 90, 41.1379, 
10, 71.35, 90, 41.1069, 
10, 71.375, 90, 41.0944, 
10, 71.4, 90, 41.0829, 
10, 71.425, 90, 41.041, 
10, 71.45, 90, 41.0324, 
10, 71.475, 90, 41.0264, 
10, 71.5, 90, 40.9795, 
10, 71.525, 90, 40.9788, 
10, 71.55, 90, 40.9812, 
10, 71.575, 90, 40.9353, 
10, 71.6, 90, 40.9427, 
10, 71.625, 90, 40.9522, 
10, 71.65, 90, 40.9114, 
10, 71.675, 90, 40.9232, 
10, 71.7, 90, 40.9295, 
10, 71.725, 90, 40.892, 
10, 71.75, 90, 40.898, 
10, 71.775, 90, 40.9012, 
10, 71.8, 90, 40.8669, 
10, 71.825, 90, 40.8647, 
10, 71.85, 90, 40.8594, 
10, 71.875, 90, 40.8298, 
10, 71.9, 90, 40.8201, 
10, 71.925, 90, 40.8085, 
10, 71.95, 90, 40.7856, 
10, 71.975, 90, 40.773, 
10, 72, 90, 40.7568, 
10, 72.025, 90, 40.7459, 
10, 72.05, 90, 40.6945, 
10, 72.075, 90, 40.6897, 
10, 72.1, 90, 40.6915, 
10, 72.125, 90, 40.6966, 
10, 72.15, 90, 40.6957, 
10, 72.175, 90, 40.7064, 
10, 72.2, 90, 40.7194, 
10, 72.225, 90, 40.7141, 
10, 72.25, 90, 40.729, 
10, 72.275, 90, 40.7442, 
10, 72.3, 90, 40.7258, 
10, 72.325, 90, 40.7382, 
10, 72.35, 90, 40.7486, 
10, 72.375, 90, 40.7118, 
10, 72.4, 90, 40.6892, 
10, 72.425, 90, 40.6837, 
10, 72.45, 90, 40.6225, 
10, 72.475, 90, 40.6102, 
10, 72.5, 90, 40.5955, 
10, 72.525, 90, 40.5241, 
10, 72.55, 90, 40.5062, 
10, 72.575, 90, 40.4883, 
10, 72.6, 90, 40.4203, 
10, 72.625, 90, 40.4048, 
10, 72.65, 90, 40.3499, 
10, 72.675, 90, 40.3405, 
10, 72.7, 90, 40.3346, 
10, 72.725, 90, 40.3037, 
10, 72.75, 90, 40.289, 
10, 72.775, 90, 40.301, 
10, 72.8, 90, 40.2997, 
10, 72.825, 90, 40.3168, 
10, 72.85, 90, 40.3348, 
10, 72.875, 90, 40.3465, 
10, 72.9, 90, 40.3641, 
10, 72.925, 90, 40.3798, 
10, 72.95, 90, 40.3906, 
10, 72.975, 90, 40.4008, 
10, 73, 90, 40.4075, 
10, 73.025, 90, 40.4054, 
10, 73.05, 90, 40.4041, 
10, 73.075, 90, 40.3991, 
10, 73.1, 90, 40.3259, 
10, 73.125, 90, 40.3111, 
10, 73.15, 90, 40.2954, 
10, 73.175, 90, 40.2548, 
10, 73.2, 90, 40.2392, 
10, 73.225, 90, 40.2255, 
10, 73.25, 90, 40.1761, 
10, 73.275, 90, 40.1673, 
10, 73.3, 90, 40.1131, 
10, 73.325, 90, 40.1113, 
10, 73.35, 90, 40.1136, 
10, 73.375, 90, 40.063, 
10, 73.4, 90, 40.0721, 
10, 73.425, 90, 40.0804, 
10, 73.45, 90, 40.0374, 
10, 73.475, 90, 40.0522, 
10, 73.5, 90, 40.0656, 
10, 73.525, 90, 40.0235, 
10, 73.55, 90, 40.0322, 
10, 73.575, 90, 40.0373, 
10, 73.6, 90, 39.9948, 
10, 73.625, 90, 39.9926, 
10, 73.65, 90, 39.9862, 
10, 73.675, 90, 39.945, 
10, 73.7, 90, 39.9324, 
10, 73.725, 90, 39.9172, 
10, 73.75, 90, 39.8817, 
10, 73.775, 90, 39.8054, 
10, 73.8, 90, 39.7907, 
10, 73.825, 90, 39.7707, 
10, 73.85, 90, 39.7628, 
10, 73.875, 90, 39.759, 
10, 73.9, 90, 39.757, 
10, 73.925, 90, 39.7625, 
10, 73.95, 90, 39.769, 
10, 73.975, 90, 39.7827, 
10, 74, 90, 39.7997, 
10, 74.025, 90, 39.8095, 
10, 74.05, 90, 39.8299, 
10, 74.075, 90, 39.8508, 
10, 74.1, 90, 39.8444, 
10, 74.125, 90, 39.8581, 
10, 74.15, 90, 39.8681, 
10, 74.175, 90, 39.8412, 
10, 74.2, 90, 39.8415, 
10, 74.225, 90, 39.8373, 
10, 74.25, 90, 39.7834, 
10, 74.275, 90, 39.7698, 
10, 74.3, 90, 39.7528, 
10, 74.325, 90, 39.6777, 
10, 74.35, 90, 39.6557, 
10, 74.375, 90, 39.6331, 
10, 74.4, 90, 39.5495, 
10, 74.425, 90, 39.5288, 
10, 74.45, 90, 39.4634, 
10, 74.475, 90, 39.3937, 
10, 74.5, 90, 39.3912, 
10, 74.525, 90, 39.3938, 
10, 74.55, 90, 39.345, 
10, 74.575, 90, 39.3573, 
10, 74.6, 90, 39.3271, 
10, 74.625, 90, 39.3462, 
10, 74.65, 90, 39.3665, 
10, 74.675, 90, 39.3544, 
10, 74.7, 90, 39.3748, 
10, 74.725, 90, 39.393, 
10, 74.75, 90, 39.3883, 
10, 74.775, 90, 39.3731, 
10, 74.8, 90, 39.3731, 
10, 74.825, 90, 39.3587, 
10, 74.85, 90, 39.3497, 
10, 74.875, 90, 39.3367, 
10, 74.9, 90, 39.3172, 
10, 74.925, 90, 39.2991, 
10, 74.95, 90, 39.28, 
10, 74.975, 90, 39.2585, 
10, 75, 90, 39.2408, 
10, 75.025, 90, 39.2259, 
10, 75.05, 90, 39.2069, 
10, 75.075, 90, 39.1996, 
10, 75.1, 90, 39.1669, 
10, 75.125, 90, 39.1598, 
10, 75.15, 90, 39.1743, 
10, 75.175, 90, 39.1927, 
10, 75.2, 90, 39.1838, 
10, 75.225, 90, 39.206, 
10, 75.25, 90, 39.2287, 
10, 75.275, 90, 39.2076, 
10, 75.3, 90, 39.2267, 
10, 75.325, 90, 39.1891, 
10, 75.35, 90, 39.2003, 
10, 75.375, 90, 39.2067, 
10, 75.4, 90, 39.1073, 
10, 75.425, 90, 39.095, 
10, 75.45, 90, 39.0779, 
10, 75.475, 90, 38.9902, 
10, 75.5, 90, 38.9655, 
10, 75.525, 90, 38.9389, 
10, 75.55, 90, 38.846, 
10, 75.575, 90, 38.8197, 
10, 75.6, 90, 38.7956, 
10, 75.625, 90, 38.7155, 
10, 75.65, 90, 38.7003, 
10, 75.675, 90, 38.6905, 
10, 75.7, 90, 38.6385, 
10, 75.725, 90, 38.6212, 
10, 75.75, 90, 38.6377, 
10, 75.775, 90, 38.6238, 
10, 75.8, 90, 38.6484, 
10, 75.825, 90, 38.6744, 
10, 75.85, 90, 38.6793, 
10, 75.875, 90, 38.7047, 
10, 75.9, 90, 38.7272, 
10, 75.925, 90, 38.7353, 
10, 75.95, 90, 38.7493, 
10, 75.975, 90, 38.7577, 
10, 76, 90, 38.7563, 
10, 76.025, 90, 38.7528, 
10, 76.05, 90, 38.6826, 
10, 76.075, 90, 38.6631, 
10, 76.1, 90, 38.6411, 
10, 76.125, 90, 38.6127, 
10, 76.15, 90, 38.5893, 
10, 76.175, 90, 38.5678, 
10, 76.2, 90, 38.5364, 
10, 76.225, 90, 38.5219, 
10, 76.25, 90, 38.5129, 
10, 76.275, 90, 38.4854, 
10, 76.3, 90, 38.4882, 
10, 76.325, 90, 38.4975, 
10, 76.35, 90, 38.4639, 
10, 76.375, 90, 38.4881, 
10, 76.4, 90, 38.5144, 
10, 76.425, 90, 38.4903, 
10, 76.45, 90, 38.5153, 
10, 76.475, 90, 38.5378, 
10, 76.5, 90, 38.495, 
10, 76.525, 90, 38.5079, 
10, 76.55, 90, 38.5149, 
10, 76.575, 90, 38.4468, 
10, 76.6, 90, 38.4401, 
10, 76.625, 90, 38.4268, 
10, 76.65, 90, 38.3354, 
10, 76.675, 90, 38.2411, 
10, 76.7, 90, 38.1375, 
10, 76.725, 90, 38.1049, 
10, 76.75, 90, 38.0733, 
10, 76.775, 90, 37.9787, 
10, 76.8, 90, 37.9549, 
10, 76.825, 90, 37.9371, 
10, 76.85, 90, 37.8707, 
10, 76.875, 90, 37.8684, 
10, 76.9, 90, 37.8738, 
10, 76.925, 90, 37.8446, 
10, 76.95, 90, 37.8652, 
10, 76.975, 90, 37.8867, 
10, 77, 90, 37.8904, 
10, 77.025, 90, 37.9225, 
10, 77.05, 90, 37.9525, 
10, 77.075, 90, 37.9632, 
10, 77.1, 90, 37.9849, 
10, 77.125, 90, 38.0005, 
10, 77.15, 90, 38.0019, 
10, 77.175, 90, 38.0033, 
10, 77.2, 90, 37.9973, 
10, 77.225, 90, 37.982, 
10, 77.25, 90, 37.9631, 
10, 77.275, 90, 37.8647, 
10, 77.3, 90, 37.8334, 
10, 77.325, 90, 37.8051, 
10, 77.35, 90, 37.7793, 
10, 77.375, 90, 37.7503, 
10, 77.4, 90, 37.7341, 
10, 77.425, 90, 37.725, 
10, 77.45, 90, 37.707, 
10, 77.475, 90, 37.7132, 
10, 77.5, 90, 37.6993, 
10, 77.525, 90, 37.7196, 
10, 77.55, 90, 37.746, 
10, 77.575, 90, 37.7331, 
10, 77.6, 90, 37.7663, 
10, 77.625, 90, 37.798, 
10, 77.65, 90, 37.7726, 
10, 77.675, 90, 37.7951, 
10, 77.7, 90, 37.811, 
10, 77.725, 90, 37.7551, 
10, 77.75, 90, 37.7549, 
10, 77.775, 90, 37.7464, 
10, 77.8, 90, 37.6567, 
10, 77.825, 90, 37.6322, 
10, 77.85, 90, 37.6015, 
10, 77.875, 90, 37.407, 
10, 77.9, 90, 37.3673, 
10, 77.925, 90, 37.3291, 
10, 77.95, 90, 37.2127, 
10, 77.975, 90, 37.1837, 
10, 78, 90, 37.1621, 
10, 78.025, 90, 37.0709, 
10, 78.05, 90, 37.0679, 
10, 78.075, 90, 37.0744, 
10, 78.1, 90, 37.0204, 
10, 78.125, 90, 37.0447, 
10, 78.15, 90, 37.0751, 
10, 78.175, 90, 37.0511, 
10, 78.2, 90, 37.0878, 
10, 78.225, 90, 37.0776, 
10, 78.25, 90, 37.1074, 
10, 78.275, 90, 37.1304, 
10, 78.3, 90, 37.1148, 
10, 78.325, 90, 37.1215, 
10, 78.35, 90, 37.1189, 
10, 78.375, 90, 37.0883, 
10, 78.4, 90, 37.0686, 
10, 78.425, 90, 37.0417, 
10, 78.45, 90, 36.9995, 
10, 78.475, 90, 36.878, 
10, 78.5, 90, 36.8419, 
10, 78.525, 90, 36.806, 
10, 78.55, 90, 36.78, 
10, 78.575, 90, 36.7619, 
10, 78.6, 90, 36.7516, 
10, 78.625, 90, 36.7533, 
10, 78.65, 90, 36.7656, 
10, 78.675, 90, 36.7832, 
10, 78.7, 90, 36.814, 
10, 78.725, 90, 36.8519, 
10, 78.75, 90, 36.8808, 
10, 78.775, 90, 36.9253, 
10, 78.8, 90, 36.9671, 
10, 78.825, 90, 36.9824, 
10, 78.85, 90, 37.0118, 
10, 78.875, 90, 37.0327, 
10, 78.9, 90, 37.0111, 
10, 78.925, 90, 37.0116, 
10, 78.95, 90, 37.0019, 
10, 78.975, 90, 36.937, 
10, 79, 90, 36.908, 
10, 79.025, 90, 36.8718, 
10, 79.05, 90, 36.6842, 
10, 79.075, 90, 36.6386, 
10, 79.1, 90, 36.5241, 
10, 79.125, 90, 36.4848, 
10, 79.15, 90, 36.4531, 
10, 79.175, 90, 36.3481, 
10, 79.2, 90, 36.3361, 
10, 79.225, 90, 36.3358, 
10, 79.25, 90, 36.257, 
10, 79.275, 90, 36.2789, 
10, 79.3, 90, 36.3097, 
10, 79.325, 90, 36.2524, 
10, 79.35, 90, 36.296, 
10, 79.375, 90, 36.3381, 
10, 79.4, 90, 36.286, 
10, 79.425, 90, 36.3174, 
10, 79.45, 90, 36.3398, 
10, 79.475, 90, 36.2675, 
10, 79.5, 90, 36.2685, 
10, 79.525, 90, 36.2576, 
10, 79.55, 90, 36.1584, 
10, 79.575, 90, 36.1256, 
10, 79.6, 90, 36.0837, 
10, 79.625, 90, 35.8725, 
10, 79.65, 90, 35.8188, 
10, 79.675, 90, 35.7669, 
10, 79.7, 90, 35.6655, 
10, 79.725, 90, 35.6283, 
10, 79.75, 90, 35.6019, 
10, 79.775, 90, 35.5486, 
10, 79.8, 90, 35.5506, 
10, 79.825, 90, 35.5667, 
10, 79.85, 90, 35.5704, 
10, 79.875, 90, 35.6121, 
10, 79.9, 90, 35.6589, 
10, 79.925, 90, 35.7026, 
10, 79.95, 90, 35.7595, 
10, 79.975, 90, 35.8056, 
10, 80, 90, 35.8511, 
10, 80.025, 90, 35.8869, 
10, 80.05, 90, 35.9086, 
10, 80.075, 90, 35.9201, 
10, 80.1, 90, 35.9183, 
10, 80.125, 90, 35.9019, 
10, 80.15, 90, 35.8751, 
10, 80.175, 90, 35.7454, 
10, 80.2, 90, 35.6913, 
10, 80.225, 90, 35.6389, 
10, 80.25, 90, 35.5877, 
10, 80.275, 90, 35.5306, 
10, 80.3, 90, 35.4917, 
10, 80.325, 90, 35.4641, 
10, 80.35, 90, 35.4292, 
10, 80.375, 90, 35.4289, 
10, 80.4, 90, 35.4439, 
10, 80.425, 90, 35.44, 
10, 80.45, 90, 35.4811, 
10, 80.475, 90, 35.5276, 
10, 80.5, 90, 35.5421, 
10, 80.525, 90, 35.6018, 
10, 80.55, 90, 35.6581, 
10, 80.575, 90, 35.6492, 
10, 80.6, 90, 35.6881, 
10, 80.625, 90, 35.7149, 
10, 80.65, 90, 35.6586, 
10, 80.675, 90, 35.6564, 
10, 80.7, 90, 35.6396, 
10, 80.725, 90, 35.5282, 
10, 80.75, 90, 35.3902, 
10, 80.775, 90, 35.3289, 
10, 80.8, 90, 35.1697, 
10, 80.825, 90, 35.1013, 
10, 80.85, 90, 35.0359, 
10, 80.875, 90, 34.874, 
10, 80.9, 90, 34.826, 
10, 80.925, 90, 34.6822, 
10, 80.95, 90, 34.6648, 
10, 80.975, 90, 34.6655, 
10, 81, 90, 34.5718, 
10, 81.025, 90, 34.5918, 
10, 81.05, 90, 34.6485, 
10, 81.075, 90, 34.6037, 
10, 81.1, 90, 34.6699, 
10, 81.125, 90, 34.7335, 
10, 81.15, 90, 34.6896, 
10, 81.175, 90, 34.7367, 
10, 81.2, 90, 34.7702, 
10, 81.225, 90, 34.6959, 
10, 81.25, 90, 34.6967, 
10, 81.275, 90, 34.6797, 
10, 81.3, 90, 34.4706, 
10, 81.325, 90, 34.4104, 
10, 81.35, 90, 34.3392, 
10, 81.375, 90, 34.1878, 
10, 81.4, 90, 34.1077, 
10, 81.425, 90, 34.0305, 
10, 81.45, 90, 33.9013, 
10, 81.475, 90, 33.8464, 
10, 81.5, 90, 33.8092, 
10, 81.525, 90, 33.7478, 
10, 81.55, 90, 33.7107, 
10, 81.575, 90, 33.7546, 
10, 81.6, 90, 33.7871, 
10, 81.625, 90, 33.863, 
10, 81.65, 90, 33.9469, 
10, 81.675, 90, 34.0163, 
10, 81.7, 90, 34.1002, 
10, 81.725, 90, 34.1761, 
10, 81.75, 90, 34.2311, 
10, 81.775, 90, 34.2793, 
10, 81.8, 90, 34.3094, 
10, 81.825, 90, 34.2479, 
10, 81.85, 90, 34.2247, 
10, 81.875, 90, 34.1831, 
10, 81.9, 90, 34.1243, 
10, 81.925, 90, 34.0545, 
10, 81.95, 90, 33.9765, 
10, 81.975, 90, 33.8939, 
10, 82, 90, 33.8155, 
10, 82.025, 90, 33.7406, 
10, 82.05, 90, 33.6842, 
10, 82.075, 90, 33.6465, 
10, 82.1, 90, 33.5551, 
10, 82.125, 90, 33.5798, 
10, 82.15, 90, 33.6276, 
10, 82.175, 90, 33.6728, 
10, 82.2, 90, 33.7546, 
10, 82.225, 90, 33.8459, 
10, 82.25, 90, 33.9084, 
10, 82.275, 90, 34.0008, 
10, 82.3, 90, 34.0855, 
10, 82.325, 90, 34.1148, 
10, 82.35, 90, 34.1705, 
10, 82.375, 90, 34.1571, 
10, 82.4, 90, 34.1048, 
10, 82.425, 90, 34.0831, 
10, 82.45, 90, 34.0405, 
10, 82.475, 90, 33.9138, 
10, 82.5, 90, 33.8354, 
10, 82.525, 90, 33.7449, 
10, 82.55, 90, 33.5688, 
10, 82.575, 90, 33.4698, 
10, 82.6, 90, 33.3771, 
10, 82.625, 90, 33.0933, 
10, 82.65, 90, 33.0449, 
10, 82.675, 90, 33.023, 
10, 82.7, 90, 32.9165, 
10, 82.725, 90, 32.9499, 
10, 82.75, 90, 33.0087, 
10, 82.775, 90, 32.9654, 
10, 82.8, 90, 33.0598, 
10, 82.825, 90, 33.1616, 
10, 82.85, 90, 33.1366, 
10, 82.875, 90, 33.2334, 
10, 82.9, 90, 33.2964, 
10, 82.925, 90, 33.22, 
10, 82.95, 90, 33.2502, 
10, 82.975, 90, 33.2544, 
10, 83, 90, 33.0985, 
10, 83.025, 90, 33.0489, 
10, 83.05, 90, 32.974, 
10, 83.075, 90, 32.7393, 
10, 83.1, 90, 32.6241, 
10, 83.125, 90, 32.4976, 
10, 83.15, 90, 32.0756, 
10, 83.175, 90, 31.9535, 
10, 83.2, 90, 31.85, 
10, 83.225, 90, 31.6244, 
10, 83.25, 90, 31.5809, 
10, 83.275, 90, 31.4323, 
10, 83.3, 90, 31.4656, 
10, 83.325, 90, 31.5342, 
10, 83.35, 90, 31.5042, 
10, 83.375, 90, 31.6251, 
10, 83.4, 90, 31.7568, 
10, 83.425, 90, 31.7755, 
10, 83.45, 90, 31.8945, 
10, 83.475, 90, 31.9932, 
10, 83.5, 90, 31.9704, 
10, 83.525, 90, 32.014, 
10, 83.55, 90, 32.0247, 
10, 83.575, 90, 31.9166, 
10, 83.6, 90, 31.8599, 
10, 83.625, 90, 31.7719, 
10, 83.65, 90, 31.5802, 
10, 83.675, 90, 31.2794, 
10, 83.7, 90, 31.1226, 
10, 83.725, 90, 30.9, 
10, 83.75, 90, 30.757, 
10, 83.775, 90, 30.6386, 
10, 83.8, 90, 30.5053, 
10, 83.825, 90, 30.4688, 
10, 83.85, 90, 30.4807, 
10, 83.875, 90, 30.5086, 
10, 83.9, 90, 30.6143, 
10, 83.925, 90, 30.7439, 
10, 83.95, 90, 30.8956, 
10, 83.975, 90, 31.0688, 
10, 84, 90, 31.2341, 
10, 84.025, 90, 31.3727, 
10, 84.05, 90, 31.4949, 
10, 84.075, 90, 31.5856, 
10, 84.1, 90, 31.6357, 
10, 84.125, 90, 31.6528, 
10, 84.15, 90, 31.6311, 
10, 84.175, 90, 31.5691, 
10, 84.2, 90, 31.3296, 
10, 84.225, 90, 31.1909, 
10, 84.25, 90, 31.031, 
10, 84.275, 90, 30.8618, 
10, 84.3, 90, 30.6939, 
10, 84.325, 90, 30.5395, 
10, 84.35, 90, 30.4143, 
10, 84.375, 90, 30.3304, 
10, 84.4, 90, 30.2918, 
10, 84.425, 90, 30.3129, 
10, 84.45, 90, 30.3458, 
10, 84.475, 90, 30.4769, 
10, 84.5, 90, 30.6518, 
10, 84.525, 90, 30.8444, 
10, 84.55, 90, 31.0209, 
10, 84.575, 90, 31.2087, 
10, 84.6, 90, 31.3774, 
10, 84.625, 90, 31.4919, 
10, 84.65, 90, 31.5988, 
10, 84.675, 90, 31.6668, 
10, 84.7, 90, 31.5747, 
10, 84.725, 90, 31.5395, 
10, 84.75, 90, 31.4629, 
10, 84.775, 90, 31.3096, 
10, 84.8, 90, 31.1607, 
10, 84.825, 90, 30.9854, 
10, 84.85, 90, 30.7443, 
10, 84.875, 90, 30.5463, 
10, 84.9, 90, 30.3588, 
10, 84.925, 90, 30.1304, 
10, 84.95, 90, 29.8734, 
10, 84.975, 90, 29.8328, 
10, 85, 90, 29.7673, 
10, 85.025, 90, 29.8549, 
10, 85.05, 90, 29.9996, 
10, 85.075, 90, 30.0821, 
10, 85.1, 90, 30.2975, 
10, 85.125, 90, 30.5234, 
10, 85.15, 90, 30.6329, 
10, 85.175, 90, 30.8367, 
10, 85.2, 90, 30.8669, 
10, 85.225, 90, 30.9891, 
10, 85.25, 90, 31.0651, 
10, 85.275, 90, 30.9734, 
10, 85.3, 90, 30.9502, 
10, 85.325, 90, 30.8756, 
10, 85.35, 90, 30.6256, 
10, 85.375, 90, 30.4552, 
10, 85.4, 90, 30.2452, 
10, 85.425, 90, 29.8616, 
10, 85.45, 90, 29.3984, 
10, 85.475, 90, 29.1382, 
10, 85.5, 90, 28.7294, 
10, 85.525, 90, 28.5417, 
10, 85.55, 90, 28.4265, 
10, 85.575, 90, 28.1928, 
10, 85.6, 90, 28.2559, 
10, 85.625, 90, 28.4066, 
10, 85.65, 90, 28.4112, 
10, 85.675, 90, 28.6825, 
10, 85.7, 90, 28.9751, 
10, 85.725, 90, 29.0574, 
10, 85.75, 90, 29.3252, 
10, 85.775, 90, 29.552, 
10, 85.8, 90, 29.5306, 
10, 85.825, 90, 29.652, 
10, 85.85, 90, 29.7099, 
10, 85.875, 90, 29.5052, 
10, 85.9, 90, 29.4299, 
10, 85.925, 90, 29.2866, 
10, 85.95, 90, 28.6764, 
10, 85.975, 90, 28.3809, 
10, 86, 90, 28.0339, 
10, 86.025, 90, 27.4034, 
10, 86.05, 90, 26.9936, 
10, 86.075, 90, 26.5989, 
10, 86.1, 90, 25.9619, 
10, 86.125, 90, 25.7082, 
10, 86.15, 90, 25.5933, 
10, 86.175, 90, 25.3163, 
10, 86.2, 90, 25.4596, 
10, 86.225, 90, 25.8223, 
10, 86.25, 90, 25.961, 
10, 86.275, 90, 26.4212, 
10, 86.3, 90, 26.8614, 
10, 86.325, 90, 27.0059, 
10, 86.35, 90, 27.3451, 
10, 86.375, 90, 27.6076, 
10, 86.4, 90, 27.5526, 
10, 86.425, 90, 27.6449, 
10, 86.45, 90, 27.5045, 
10, 86.475, 90, 27.1378, 
10, 86.5, 90, 26.9139, 
10, 86.525, 90, 26.5907, 
10, 86.55, 90, 25.8913, 
10, 86.575, 90, 25.3592, 
10, 86.6, 90, 24.74, 
10, 86.625, 90, 23.7079, 
10, 86.65, 90, 22.9733, 
10, 86.675, 90, 21.9147, 
10, 86.7, 90, 21.0076, 
10, 86.725, 90, 20.8697, 
10, 86.75, 90, 21.115, 
10, 86.775, 90, 21.3349, 
10, 86.8, 90, 22.1129, 
10, 86.825, 90, 22.9305, 
10, 86.85, 90, 23.4843, 
10, 86.875, 90, 24.1827, 
10, 86.9, 90, 24.7657, 
10, 86.925, 90, 24.9659, 
10, 86.95, 90, 25.2731, 
10, 86.975, 90, 25.4531, 
10, 87, 90, 25.3045, 
10, 87.025, 90, 25.2185, 
10, 87.05, 90, 24.9984, 
10, 87.075, 90, 24.3987, 
10, 87.1, 90, 23.8661, 
10, 87.125, 90, 23.1656, 
10, 87.15, 90, 21.9604, 
10, 87.175, 90, 20.2848, 
10, 87.2, 90, 18.8391, 
10, 87.225, 90, 16.6786, 
10, 87.25, 90, 15.0861, 
10, 87.275, 90, 14.3414, 
10, 87.3, 90, 14.8252, 
10, 87.325, 90, 16.5571, 
10, 87.35, 90, 18.3439, 
10, 87.375, 90, 19.9368, 
10, 87.4, 90, 21.2546, 
10, 87.425, 90, 22.2419, 
10, 87.45, 90, 23.0046, 
10, 87.475, 90, 23.5615, 
10, 87.5, 90, 23.9442, 
10, 87.525, 90, 24.1095, 
10, 87.55, 90, 24.1506, 
10, 87.575, 90, 24.0316, 
10, 87.6, 90, 23.642, 
10, 87.625, 90, 23.1513, 
10, 87.65, 90, 22.0594, 
10, 87.675, 90, 20.8506, 
10, 87.7, 90, 19.4548, 
10, 87.725, 90, 17.5842, 
10, 87.75, 90, 14.5671, 
10, 87.775, 90, 10.533, 
10, 87.8, 90, 4.92589, 
10, 87.825, 90, 7.82343, 
10, 87.85, 90, 12.9077, 
10, 87.875, 90, 16.7388, 
10, 87.9, 90, 19.2285, 
10, 87.925, 90, 20.8493, 
10, 87.95, 90, 22.094, 
10, 87.975, 90, 23.169, 
10, 88, 90, 23.8656, 
10, 88.025, 90, 24.3626, 
10, 88.05, 90, 24.7373, 
10, 88.075, 90, 24.8647, 
10, 88.1, 90, 24.8218, 
10, 88.125, 90, 24.4, 
10, 88.15, 90, 23.9309, 
10, 88.175, 90, 23.2395, 
10, 88.2, 90, 22.2543, 
10, 88.225, 90, 20.9291, 
10, 88.25, 90, 19.1146, 
10, 88.275, 90, 16.4003, 
10, 88.3, 90, 12.1977, 
10, 88.325, 90, 3.00333, 
10, 88.35, 90, 6.7821, 
10, 88.375, 90, 13.9275, 
10, 88.4, 90, 17.7751, 
10, 88.425, 90, 20.5016, 
10, 88.45, 90, 22.3856, 
10, 88.475, 90, 23.8296, 
10, 88.5, 90, 25.025, 
10, 88.525, 90, 25.8825, 
10, 88.55, 90, 26.527, 
10, 88.575, 90, 27.0309, 
10, 88.6, 90, 27.2618, 
10, 88.625, 90, 27.3343, 
10, 88.65, 90, 27.2679, 
10, 88.675, 90, 26.9841, 
10, 88.7, 90, 26.499, 
10, 88.725, 90, 25.7988, 
10, 88.75, 90, 24.7858, 
10, 88.775, 90, 23.3909, 
10, 88.8, 90, 21.4428, 
10, 88.825, 90, 17.815, 
10, 88.85, 90, 12.2924, 
10, 88.875, 90, -14.3712, 
10, 88.9, 90, 11.815, 
10, 88.925, 90, 18.1587, 
10, 88.95, 90, 21.8453, 
10, 88.975, 90, 24.3801, 
10, 89, 90, 26.2873, 
10, 89.025, 90, 27.7978, 
10, 89.05, 90, 29.082, 
10, 89.075, 90, 29.9848, 
10, 89.1, 90, 30.7019, 
10, 89.125, 90, 31.226, 
10, 89.15, 90, 31.5842, 
10, 89.175, 90, 31.7812, 
10, 89.2, 90, 31.8244, 
10, 89.225, 90, 31.6857, 
10, 89.25, 90, 31.3573, 
10, 89.275, 90, 30.8156, 
10, 89.3, 90, 29.8492, 
10, 89.325, 90, 28.6398, 
10, 89.35, 90, 26.9121, 
10, 89.375, 90, 24.3187, 
10, 89.4, 90, 19.9258, 
10, 89.425, 90, 8.37431, 
10, 89.45, 90, 14.6243, 
10, 89.475, 90, 22.9513, 
10, 89.5, 90, 27.3465, 
10, 89.525, 90, 30.5391, 
10, 89.55, 90, 32.8222, 
10, 89.575, 90, 34.677, 
10, 89.6, 90, 36.2311, 
10, 89.625, 90, 37.5615, 
10, 89.65, 90, 38.7149, 
10, 89.675, 90, 39.7207, 
10, 89.7, 90, 40.6038, 
10, 89.725, 90, 41.3802, 
10, 89.75, 90, 42.0523, 
10, 89.775, 90, 42.6437, 
10, 89.8, 90, 43.1583, 
10, 89.825, 90, 43.6014, 
10, 89.85, 90, 43.9781, 
10, 89.875, 90, 44.2917, 
10, 89.9, 90, 44.5447, 
10, 89.925, 90, 44.7394, 
10, 89.95, 90, 44.8775, 
10, 89.975, 90, 44.9255, 
10, 90, 90, 44.9527, 
